Inno Setup 6 Command-Line Compiler
Copyright (C) 1997-2026 Jordan Russell. All rights reserved.
Portions Copyright (C) 2000-2026 Martijn Laan. All rights reserved.
Portions Copyright (C) 2001-2004 Alex Yackimoff. All rights reserved.
https://www.innosetup.com

Compiler engine version: Inno Setup 6.7.1
Non-commercial use only

Preprocessing
   Reading file: C:\Program Files (x86)\Inno Setup 6\ISPPBuiltins.iss
Parsing [Setup] section, line 7
Parsing [Setup] section, line 8
Parsing [Setup] section, line 9
Parsing [Setup] section, line 10
Parsing [Setup] section, line 11
Parsing [Setup] section, line 12
Parsing [Setup] section, line 13
Parsing [Setup] section, line 14
Parsing [Setup] section, line 15
Parsing [Setup] section, line 16
Parsing [Setup] section, line 17
Parsing [Setup] section, line 18
Parsing [Setup] section, line 19
Parsing [Setup] section, line 20
Parsing [Setup] section, line 21
Parsing [Setup] section, line 22
Reading file (WizardImageFile)
Reading file (WizardSmallImageFile)
Preparing Setup program executable
   Verification successful
   Updating icons (Setup.e32)
   Updating version info (Setup.e32)
Determining language code pages
   Reading file: C:\Program Files (x86)\Inno Setup 6\Default.isl
   Messages in script file
Reading default messages from Default.isl
Parsing [LangOptions], [Messages], and [CustomMessages] sections
   Reading file: C:\Program Files (x86)\Inno Setup 6\Default.isl
   Messages in script file
Reading [Code] section
Parsing [Tasks] section, line 32
Parsing [Icons] section, line 28
Parsing [Icons] section, line 29
Parsing [Run] section, line 35
Parsing [Run] section, line 36
Parsing [Run] section, line 37
Parsing [UninstallRun] section, line 40
Parsing [Files] section, line 25
Compiling [Code] section
Creating setup files
   Verification successful
   Updating icons (Setup.exe)
   Compressing: D:\a\PaperFlow-Stream\PaperFlow-Stream\packaging\windows\..\..\dist\PaperFlowHub\PaperFlowHub.exe
   Compressing: D:\a\PaperFlow-Stream\PaperFlow-Stream\packaging\windows\..\..\dist\PaperFlowHub\_internal\ada92cb5d92a588d1b93__mypyc.cp311-win_amd64.pyd
   Compressing: D:\a\PaperFlow-Stream\PaperFlow-Stream\packaging\windows\..\..\dist\PaperFlowHub\_internal\alembic.ini
   Compressing: D:\a\PaperFlow-Stream\PaperFlow-Stream\packaging\windows\..\..\dist\PaperFlowHub\_internal\api-ms-win-core-console-l1-1-0.dll
   Compressing: D:\a\PaperFlow-Stream\PaperFlow-Stream\packaging\windows\..\..\dist\PaperFlowHub\_internal\api-ms-win-core-datetime-l1-1-0.dll
   Compressing: D:\a\PaperFlow-Stream\PaperFlow-Stream\packaging\windows\..\..\dist\PaperFlowHub\_internal\api-ms-win-core-debug-l1-1-0.dll
   Compressing: D:\a\PaperFlow-Stream\PaperFlow-Stream\packaging\windows\..\..\dist\PaperFlowHub\_internal\api-ms-win-core-errorhandling-l1-1-0.dll
   Compressing: D:\a\PaperFlow-Stream\PaperFlow-Stream\packaging\windows\..\..\dist\PaperFlowHub\_internal\api-ms-win-core-fibers-l1-1-0.dll
   Compressing: D:\a\PaperFlow-Stream\PaperFlow-Stream\packaging\windows\..\..\dist\PaperFlowHub\_internal\api-ms-win-core-fibers-l1-1-1.dll
   Compressing: D:\a\PaperFlow-Stream\PaperFlow-Stream\packaging\windows\..\..\dist\PaperFlowHub\_internal\api-ms-win-core-file-l1-1-0.dll
   Compressing: D:\a\PaperFlow-Stream\PaperFlow-Stream\packaging\windows\..\..\dist\PaperFlowHub\_internal\api-ms-win-core-file-l1-2-0.dll
   Compressing: D:\a\PaperFlow-Stream\PaperFlow-Stream\packaging\windows\..\..\dist\PaperFlowHub\_internal\api-ms-win-core-file-l2-1-0.dll
   Compressing: D:\a\PaperFlow-Stream\PaperFlow-Stream\packaging\windows\..\..\dist\PaperFlowHub\_internal\api-ms-win-core-handle-l1-1-0.dll
   Compressing: D:\a\PaperFlow-Stream\PaperFlow-Stream\packaging\windows\..\..\dist\PaperFlowHub\_internal\api-ms-win-core-heap-l1-1-0.dll
   Compressing: D:\a\PaperFlow-Stream\PaperFlow-Stream\packaging\windows\..\..\dist\PaperFlowHub\_internal\api-ms-win-core-interlocked-l1-1-0.dll
   Compressing: D:\a\PaperFlow-Stream\PaperFlow-Stream\packaging\windows\..\..\dist\PaperFlowHub\_internal\api-ms-win-core-kernel32-legacy-l1-1-1.dll
   Compressing: D:\a\PaperFlow-Stream\PaperFlow-Stream\packaging\windows\..\..\dist\PaperFlowHub\_internal\api-ms-win-core-libraryloader-l1-1-0.dll
   Compressing: D:\a\PaperFlow-Stream\PaperFlow-Stream\packaging\windows\..\..\dist\PaperFlowHub\_internal\api-ms-win-core-localization-l1-2-0.dll
   Compressing: D:\a\PaperFlow-Stream\PaperFlow-Stream\packaging\windows\..\..\dist\PaperFlowHub\_internal\api-ms-win-core-memory-l1-1-0.dll
   Compressing: D:\a\PaperFlow-Stream\PaperFlow-Stream\packaging\windows\..\..\dist\PaperFlowHub\_internal\api-ms-win-core-namedpipe-l1-1-0.dll
   Compressing: D:\a\PaperFlow-Stream\PaperFlow-Stream\packaging\windows\..\..\dist\PaperFlowHub\_internal\api-ms-win-core-processenvironment-l1-1-0.dll
   Compressing: D:\a\PaperFlow-Stream\PaperFlow-Stream\packaging\windows\..\..\dist\PaperFlowHub\_internal\api-ms-win-core-processthreads-l1-1-0.dll
   Compressing: D:\a\PaperFlow-Stream\PaperFlow-Stream\packaging\windows\..\..\dist\PaperFlowHub\_internal\api-ms-win-core-processthreads-l1-1-1.dll
   Compressing: D:\a\PaperFlow-Stream\PaperFlow-Stream\packaging\windows\..\..\dist\PaperFlowHub\_internal\api-ms-win-core-profile-l1-1-0.dll
   Compressing: D:\a\PaperFlow-Stream\PaperFlow-Stream\packaging\windows\..\..\dist\PaperFlowHub\_internal\api-ms-win-core-rtlsupport-l1-1-0.dll
   Compressing: D:\a\PaperFlow-Stream\PaperFlow-Stream\packaging\windows\..\..\dist\PaperFlowHub\_internal\api-ms-win-core-string-l1-1-0.dll
   Compressing: D:\a\PaperFlow-Stream\PaperFlow-Stream\packaging\windows\..\..\dist\PaperFlowHub\_internal\api-ms-win-core-synch-l1-1-0.dll
   Compressing: D:\a\PaperFlow-Stream\PaperFlow-Stream\packaging\windows\..\..\dist\PaperFlowHub\_internal\api-ms-win-core-synch-l1-2-0.dll
   Compressing: D:\a\PaperFlow-Stream\PaperFlow-Stream\packaging\windows\..\..\dist\PaperFlowHub\_internal\api-ms-win-core-sysinfo-l1-1-0.dll
   Compressing: D:\a\PaperFlow-Stream\PaperFlow-Stream\packaging\windows\..\..\dist\PaperFlowHub\_internal\api-ms-win-core-sysinfo-l1-2-0.dll
   Compressing: D:\a\PaperFlow-Stream\PaperFlow-Stream\packaging\windows\..\..\dist\PaperFlowHub\_internal\api-ms-win-core-timezone-l1-1-0.dll
   Compressing: D:\a\PaperFlow-Stream\PaperFlow-Stream\packaging\windows\..\..\dist\PaperFlowHub\_internal\api-ms-win-core-util-l1-1-0.dll
   Compressing: D:\a\PaperFlow-Stream\PaperFlow-Stream\packaging\windows\..\..\dist\PaperFlowHub\_internal\api-ms-win-crt-conio-l1-1-0.dll
   Compressing: D:\a\PaperFlow-Stream\PaperFlow-Stream\packaging\windows\..\..\dist\PaperFlowHub\_internal\api-ms-win-crt-convert-l1-1-0.dll
   Compressing: D:\a\PaperFlow-Stream\PaperFlow-Stream\packaging\windows\..\..\dist\PaperFlowHub\_internal\api-ms-win-crt-environment-l1-1-0.dll
   Compressing: D:\a\PaperFlow-Stream\PaperFlow-Stream\packaging\windows\..\..\dist\PaperFlowHub\_internal\api-ms-win-crt-filesystem-l1-1-0.dll
   Compressing: D:\a\PaperFlow-Stream\PaperFlow-Stream\packaging\windows\..\..\dist\PaperFlowHub\_internal\api-ms-win-crt-heap-l1-1-0.dll
   Compressing: D:\a\PaperFlow-Stream\PaperFlow-Stream\packaging\windows\..\..\dist\PaperFlowHub\_internal\api-ms-win-crt-locale-l1-1-0.dll
   Compressing: D:\a\PaperFlow-Stream\PaperFlow-Stream\packaging\windows\..\..\dist\PaperFlowHub\_internal\api-ms-win-crt-math-l1-1-0.dll
   Compressing: D:\a\PaperFlow-Stream\PaperFlow-Stream\packaging\windows\..\..\dist\PaperFlowHub\_internal\api-ms-win-crt-private-l1-1-0.dll
   Compressing: D:\a\PaperFlow-Stream\PaperFlow-Stream\packaging\windows\..\..\dist\PaperFlowHub\_internal\api-ms-win-crt-process-l1-1-0.dll
   Compressing: D:\a\PaperFlow-Stream\PaperFlow-Stream\packaging\windows\..\..\dist\PaperFlowHub\_internal\api-ms-win-crt-runtime-l1-1-0.dll
   Compressing: D:\a\PaperFlow-Stream\PaperFlow-Stream\packaging\windows\..\..\dist\PaperFlowHub\_internal\api-ms-win-crt-stdio-l1-1-0.dll
   Compressing: D:\a\PaperFlow-Stream\PaperFlow-Stream\packaging\windows\..\..\dist\PaperFlowHub\_internal\api-ms-win-crt-string-l1-1-0.dll
   Compressing: D:\a\PaperFlow-Stream\PaperFlow-Stream\packaging\windows\..\..\dist\PaperFlowHub\_internal\api-ms-win-crt-time-l1-1-0.dll
   Compressing: D:\a\PaperFlow-Stream\PaperFlow-Stream\packaging\windows\..\..\dist\PaperFlowHub\_internal\api-ms-win-crt-utility-l1-1-0.dll
   Compressing: D:\a\PaperFlow-Stream\PaperFlow-Stream\packaging\windows\..\..\dist\PaperFlowHub\_internal\base_library.zip
   Compressing: D:\a\PaperFlow-Stream\PaperFlow-Stream\packaging\windows\..\..\dist\PaperFlowHub\_internal\libcrypto-3.dll
   Compressing: D:\a\PaperFlow-Stream\PaperFlow-Stream\packaging\windows\..\..\dist\PaperFlowHub\_internal\libffi-8.dll
   Compressing: D:\a\PaperFlow-Stream\PaperFlow-Stream\packaging\windows\..\..\dist\PaperFlowHub\_internal\libssl-3.dll
   Compressing: D:\a\PaperFlow-Stream\PaperFlow-Stream\packaging\windows\..\..\dist\PaperFlowHub\_internal\msvcp140.dll
   Compressing: D:\a\PaperFlow-Stream\PaperFlow-Stream\packaging\windows\..\..\dist\PaperFlowHub\_internal\MSVCP140_1.dll
   Compressing: D:\a\PaperFlow-Stream\PaperFlow-Stream\packaging\windows\..\..\dist\PaperFlowHub\_internal\pyexpat.pyd
   Compressing: D:\a\PaperFlow-Stream\PaperFlow-Stream\packaging\windows\..\..\dist\PaperFlowHub\_internal\python3.dll
   Compressing: D:\a\PaperFlow-Stream\PaperFlow-Stream\packaging\windows\..\..\dist\PaperFlowHub\_internal\python311.dll
   Compressing: D:\a\PaperFlow-Stream\PaperFlow-Stream\packaging\windows\..\..\dist\PaperFlowHub\_internal\select.pyd
   Compressing: D:\a\PaperFlow-Stream\PaperFlow-Stream\packaging\windows\..\..\dist\PaperFlowHub\_internal\sqlite3.dll
   Compressing: D:\a\PaperFlow-Stream\PaperFlow-Stream\packaging\windows\..\..\dist\PaperFlowHub\_internal\ucrtbase.dll
   Compressing: D:\a\PaperFlow-Stream\PaperFlow-Stream\packaging\windows\..\..\dist\PaperFlowHub\_internal\unicodedata.pyd
   Compressing: D:\a\PaperFlow-Stream\PaperFlow-Stream\packaging\windows\..\..\dist\PaperFlowHub\_internal\vcruntime140.dll
   Compressing: D:\a\PaperFlow-Stream\PaperFlow-Stream\packaging\windows\..\..\dist\PaperFlowHub\_internal\vcruntime140_1.dll
   Compressing: D:\a\PaperFlow-Stream\PaperFlow-Stream\packaging\windows\..\..\dist\PaperFlowHub\_internal\_asyncio.pyd
   Compressing: D:\a\PaperFlow-Stream\PaperFlow-Stream\packaging\windows\..\..\dist\PaperFlowHub\_internal\_bz2.pyd
   Compressing: D:\a\PaperFlow-Stream\PaperFlow-Stream\packaging\windows\..\..\dist\PaperFlowHub\_internal\_ctypes.pyd
   Compressing: D:\a\PaperFlow-Stream\PaperFlow-Stream\packaging\windows\..\..\dist\PaperFlowHub\_internal\_decimal.pyd
   Compressing: D:\a\PaperFlow-Stream\PaperFlow-Stream\packaging\windows\..\..\dist\PaperFlowHub\_internal\_elementtree.pyd
   Compressing: D:\a\PaperFlow-Stream\PaperFlow-Stream\packaging\windows\..\..\dist\PaperFlowHub\_internal\_hashlib.pyd
   Compressing: D:\a\PaperFlow-Stream\PaperFlow-Stream\packaging\windows\..\..\dist\PaperFlowHub\_internal\_lzma.pyd
   Compressing: D:\a\PaperFlow-Stream\PaperFlow-Stream\packaging\windows\..\..\dist\PaperFlowHub\_internal\_multiprocessing.pyd
   Compressing: D:\a\PaperFlow-Stream\PaperFlow-Stream\packaging\windows\..\..\dist\PaperFlowHub\_internal\_overlapped.pyd
   Compressing: D:\a\PaperFlow-Stream\PaperFlow-Stream\packaging\windows\..\..\dist\PaperFlowHub\_internal\_queue.pyd
   Compressing: D:\a\PaperFlow-Stream\PaperFlow-Stream\packaging\windows\..\..\dist\PaperFlowHub\_internal\_socket.pyd
   Compressing: D:\a\PaperFlow-Stream\PaperFlow-Stream\packaging\windows\..\..\dist\PaperFlowHub\_internal\_sqlite3.pyd
   Compressing: D:\a\PaperFlow-Stream\PaperFlow-Stream\packaging\windows\..\..\dist\PaperFlowHub\_internal\_ssl.pyd
   Compressing: D:\a\PaperFlow-Stream\PaperFlow-Stream\packaging\windows\..\..\dist\PaperFlowHub\_internal\_uuid.pyd
   Compressing: D:\a\PaperFlow-Stream\PaperFlow-Stream\packaging\windows\..\..\dist\PaperFlowHub\_internal\_zoneinfo.pyd
   Compressing: D:\a\PaperFlow-Stream\PaperFlow-Stream\packaging\windows\..\..\dist\PaperFlowHub\_internal\alembic\command.py
   Compressing: D:\a\PaperFlow-Stream\PaperFlow-Stream\packaging\windows\..\..\dist\PaperFlowHub\_internal\alembic\config.py
   Compressing: D:\a\PaperFlow-Stream\PaperFlow-Stream\packaging\windows\..\..\dist\PaperFlowHub\_internal\alembic\context.py
   Compressing: D:\a\PaperFlow-Stream\PaperFlow-Stream\packaging\windows\..\..\dist\PaperFlowHub\_internal\alembic\context.pyi
   Compressing: D:\a\PaperFlow-Stream\PaperFlow-Stream\packaging\windows\..\..\dist\PaperFlowHub\_internal\alembic\environment.py
   Compressing: D:\a\PaperFlow-Stream\PaperFlow-Stream\packaging\windows\..\..\dist\PaperFlowHub\_internal\alembic\migration.py
   Compressing: D:\a\PaperFlow-Stream\PaperFlow-Stream\packaging\windows\..\..\dist\PaperFlowHub\_internal\alembic\op.py
   Compressing: D:\a\PaperFlow-Stream\PaperFlow-Stream\packaging\windows\..\..\dist\PaperFlowHub\_internal\alembic\op.pyi
   Compressing: D:\a\PaperFlow-Stream\PaperFlow-Stream\packaging\windows\..\..\dist\PaperFlowHub\_internal\alembic\py.typed
   Compressing: D:\a\PaperFlow-Stream\PaperFlow-Stream\packaging\windows\..\..\dist\PaperFlowHub\_internal\alembic\__init__.py
   Compressing: D:\a\PaperFlow-Stream\PaperFlow-Stream\packaging\windows\..\..\dist\PaperFlowHub\_internal\alembic\__main__.py
   Compressing: D:\a\PaperFlow-Stream\PaperFlow-Stream\packaging\windows\..\..\dist\PaperFlowHub\_internal\alembic\autogenerate\api.py
   Compressing: D:\a\PaperFlow-Stream\PaperFlow-Stream\packaging\windows\..\..\dist\PaperFlowHub\_internal\alembic\autogenerate\render.py
   Compressing: D:\a\PaperFlow-Stream\PaperFlow-Stream\packaging\windows\..\..\dist\PaperFlowHub\_internal\alembic\autogenerate\rewriter.py
   Compressing: D:\a\PaperFlow-Stream\PaperFlow-Stream\packaging\windows\..\..\dist\PaperFlowHub\_internal\alembic\autogenerate\__init__.py
   Compressing: D:\a\PaperFlow-Stream\PaperFlow-Stream\packaging\windows\..\..\dist\PaperFlowHub\_internal\alembic\autogenerate\compare\comments.py
   Compressing: D:\a\PaperFlow-Stream\PaperFlow-Stream\packaging\windows\..\..\dist\PaperFlowHub\_internal\alembic\autogenerate\compare\constraints.py
   Compressing: D:\a\PaperFlow-Stream\PaperFlow-Stream\packaging\windows\..\..\dist\PaperFlowHub\_internal\alembic\autogenerate\compare\schema.py
   Compressing: D:\a\PaperFlow-Stream\PaperFlow-Stream\packaging\windows\..\..\dist\PaperFlowHub\_internal\alembic\autogenerate\compare\server_defaults.py
   Compressing: D:\a\PaperFlow-Stream\PaperFlow-Stream\packaging\windows\..\..\dist\PaperFlowHub\_internal\alembic\autogenerate\compare\tables.py
   Compressing: D:\a\PaperFlow-Stream\PaperFlow-Stream\packaging\windows\..\..\dist\PaperFlowHub\_internal\alembic\autogenerate\compare\types.py
   Compressing: D:\a\PaperFlow-Stream\PaperFlow-Stream\packaging\windows\..\..\dist\PaperFlowHub\_internal\alembic\autogenerate\compare\util.py
   Compressing: D:\a\PaperFlow-Stream\PaperFlow-Stream\packaging\windows\..\..\dist\PaperFlowHub\_internal\alembic\autogenerate\compare\__init__.py
   Compressing: D:\a\PaperFlow-Stream\PaperFlow-Stream\packaging\windows\..\..\dist\PaperFlowHub\_internal\alembic\ddl\base.py
   Compressing: D:\a\PaperFlow-Stream\PaperFlow-Stream\packaging\windows\..\..\dist\PaperFlowHub\_internal\alembic\ddl\impl.py
   Compressing: D:\a\PaperFlow-Stream\PaperFlow-Stream\packaging\windows\..\..\dist\PaperFlowHub\_internal\alembic\ddl\mssql.py
   Compressing: D:\a\PaperFlow-Stream\PaperFlow-Stream\packaging\windows\..\..\dist\PaperFlowHub\_internal\alembic\ddl\mysql.py
   Compressing: D:\a\PaperFlow-Stream\PaperFlow-Stream\packaging\windows\..\..\dist\PaperFlowHub\_internal\alembic\ddl\oracle.py
   Compressing: D:\a\PaperFlow-Stream\PaperFlow-Stream\packaging\windows\..\..\dist\PaperFlowHub\_internal\alembic\ddl\postgresql.py
   Compressing: D:\a\PaperFlow-Stream\PaperFlow-Stream\packaging\windows\..\..\dist\PaperFlowHub\_internal\alembic\ddl\sqlite.py
   Compressing: D:\a\PaperFlow-Stream\PaperFlow-Stream\packaging\windows\..\..\dist\PaperFlowHub\_internal\alembic\ddl\_autogen.py
   Compressing: D:\a\PaperFlow-Stream\PaperFlow-Stream\packaging\windows\..\..\dist\PaperFlowHub\_internal\alembic\ddl\__init__.py
   Compressing: D:\a\PaperFlow-Stream\PaperFlow-Stream\packaging\windows\..\..\dist\PaperFlowHub\_internal\alembic\operations\base.py
   Compressing: D:\a\PaperFlow-Stream\PaperFlow-Stream\packaging\windows\..\..\dist\PaperFlowHub\_internal\alembic\operations\batch.py
   Compressing: D:\a\PaperFlow-Stream\PaperFlow-Stream\packaging\windows\..\..\dist\PaperFlowHub\_internal\alembic\operations\ops.py
   Compressing: D:\a\PaperFlow-Stream\PaperFlow-Stream\packaging\windows\..\..\dist\PaperFlowHub\_internal\alembic\operations\schemaobj.py
   Compressing: D:\a\PaperFlow-Stream\PaperFlow-Stream\packaging\windows\..\..\dist\PaperFlowHub\_internal\alembic\operations\toimpl.py
   Compressing: D:\a\PaperFlow-Stream\PaperFlow-Stream\packaging\windows\..\..\dist\PaperFlowHub\_internal\alembic\operations\__init__.py
   Compressing: D:\a\PaperFlow-Stream\PaperFlow-Stream\packaging\windows\..\..\dist\PaperFlowHub\_internal\alembic\runtime\environment.py
   Compressing: D:\a\PaperFlow-Stream\PaperFlow-Stream\packaging\windows\..\..\dist\PaperFlowHub\_internal\alembic\runtime\migration.py
   Compressing: D:\a\PaperFlow-Stream\PaperFlow-Stream\packaging\windows\..\..\dist\PaperFlowHub\_internal\alembic\runtime\plugins.py
   Compressing: D:\a\PaperFlow-Stream\PaperFlow-Stream\packaging\windows\..\..\dist\PaperFlowHub\_internal\alembic\runtime\__init__.py
   Compressing: D:\a\PaperFlow-Stream\PaperFlow-Stream\packaging\windows\..\..\dist\PaperFlowHub\_internal\alembic\script\base.py
   Compressing: D:\a\PaperFlow-Stream\PaperFlow-Stream\packaging\windows\..\..\dist\PaperFlowHub\_internal\alembic\script\revision.py
   Compressing: D:\a\PaperFlow-Stream\PaperFlow-Stream\packaging\windows\..\..\dist\PaperFlowHub\_internal\alembic\script\write_hooks.py
   Compressing: D:\a\PaperFlow-Stream\PaperFlow-Stream\packaging\windows\..\..\dist\PaperFlowHub\_internal\alembic\script\__init__.py
   Compressing: D:\a\PaperFlow-Stream\PaperFlow-Stream\packaging\windows\..\..\dist\PaperFlowHub\_internal\alembic\templates\async\alembic.ini.mako
   Compressing: D:\a\PaperFlow-Stream\PaperFlow-Stream\packaging\windows\..\..\dist\PaperFlowHub\_internal\alembic\templates\async\env.py
   Compressing: D:\a\PaperFlow-Stream\PaperFlow-Stream\packaging\windows\..\..\dist\PaperFlowHub\_internal\alembic\templates\async\README
   Compressing: D:\a\PaperFlow-Stream\PaperFlow-Stream\packaging\windows\..\..\dist\PaperFlowHub\_internal\alembic\templates\async\script.py.mako
   Compressing: D:\a\PaperFlow-Stream\PaperFlow-Stream\packaging\windows\..\..\dist\PaperFlowHub\_internal\alembic\templates\generic\alembic.ini.mako
   Compressing: D:\a\PaperFlow-Stream\PaperFlow-Stream\packaging\windows\..\..\dist\PaperFlowHub\_internal\alembic\templates\generic\env.py
   Compressing: D:\a\PaperFlow-Stream\PaperFlow-Stream\packaging\windows\..\..\dist\PaperFlowHub\_internal\alembic\templates\generic\README
   Compressing: D:\a\PaperFlow-Stream\PaperFlow-Stream\packaging\windows\..\..\dist\PaperFlowHub\_internal\alembic\templates\generic\script.py.mako
   Compressing: D:\a\PaperFlow-Stream\PaperFlow-Stream\packaging\windows\..\..\dist\PaperFlowHub\_internal\alembic\templates\multidb\alembic.ini.mako
   Compressing: D:\a\PaperFlow-Stream\PaperFlow-Stream\packaging\windows\..\..\dist\PaperFlowHub\_internal\alembic\templates\multidb\env.py
   Compressing: D:\a\PaperFlow-Stream\PaperFlow-Stream\packaging\windows\..\..\dist\PaperFlowHub\_internal\alembic\templates\multidb\README
   Compressing: D:\a\PaperFlow-Stream\PaperFlow-Stream\packaging\windows\..\..\dist\PaperFlowHub\_internal\alembic\templates\multidb\script.py.mako
   Compressing: D:\a\PaperFlow-Stream\PaperFlow-Stream\packaging\windows\..\..\dist\PaperFlowHub\_internal\alembic\templates\pyproject\alembic.ini.mako
   Compressing: D:\a\PaperFlow-Stream\PaperFlow-Stream\packaging\windows\..\..\dist\PaperFlowHub\_internal\alembic\templates\pyproject\env.py
   Compressing: D:\a\PaperFlow-Stream\PaperFlow-Stream\packaging\windows\..\..\dist\PaperFlowHub\_internal\alembic\templates\pyproject\pyproject.toml.mako
   Compressing: D:\a\PaperFlow-Stream\PaperFlow-Stream\packaging\windows\..\..\dist\PaperFlowHub\_internal\alembic\templates\pyproject\README
   Compressing: D:\a\PaperFlow-Stream\PaperFlow-Stream\packaging\windows\..\..\dist\PaperFlowHub\_internal\alembic\templates\pyproject\script.py.mako
   Compressing: D:\a\PaperFlow-Stream\PaperFlow-Stream\packaging\windows\..\..\dist\PaperFlowHub\_internal\alembic\templates\pyproject_async\alembic.ini.mako
   Compressing: D:\a\PaperFlow-Stream\PaperFlow-Stream\packaging\windows\..\..\dist\PaperFlowHub\_internal\alembic\templates\pyproject_async\env.py
   Compressing: D:\a\PaperFlow-Stream\PaperFlow-Stream\packaging\windows\..\..\dist\PaperFlowHub\_internal\alembic\templates\pyproject_async\pyproject.toml.mako
   Compressing: D:\a\PaperFlow-Stream\PaperFlow-Stream\packaging\windows\..\..\dist\PaperFlowHub\_internal\alembic\templates\pyproject_async\README
   Compressing: D:\a\PaperFlow-Stream\PaperFlow-Stream\packaging\windows\..\..\dist\PaperFlowHub\_internal\alembic\templates\pyproject_async\script.py.mako
   Compressing: D:\a\PaperFlow-Stream\PaperFlow-Stream\packaging\windows\..\..\dist\PaperFlowHub\_internal\alembic\testing\assertions.py
   Compressing: D:\a\PaperFlow-Stream\PaperFlow-Stream\packaging\windows\..\..\dist\PaperFlowHub\_internal\alembic\testing\env.py
   Compressing: D:\a\PaperFlow-Stream\PaperFlow-Stream\packaging\windows\..\..\dist\PaperFlowHub\_internal\alembic\testing\fixtures.py
   Compressing: D:\a\PaperFlow-Stream\PaperFlow-Stream\packaging\windows\..\..\dist\PaperFlowHub\_internal\alembic\testing\requirements.py
   Compressing: D:\a\PaperFlow-Stream\PaperFlow-Stream\packaging\windows\..\..\dist\PaperFlowHub\_internal\alembic\testing\schemacompare.py
   Compressing: D:\a\PaperFlow-Stream\PaperFlow-Stream\packaging\windows\..\..\dist\PaperFlowHub\_internal\alembic\testing\util.py
   Compressing: D:\a\PaperFlow-Stream\PaperFlow-Stream\packaging\windows\..\..\dist\PaperFlowHub\_internal\alembic\testing\warnings.py
   Compressing: D:\a\PaperFlow-Stream\PaperFlow-Stream\packaging\windows\..\..\dist\PaperFlowHub\_internal\alembic\testing\__init__.py
   Compressing: D:\a\PaperFlow-Stream\PaperFlow-Stream\packaging\windows\..\..\dist\PaperFlowHub\_internal\alembic\testing\plugin\bootstrap.py
   Compressing: D:\a\PaperFlow-Stream\PaperFlow-Stream\packaging\windows\..\..\dist\PaperFlowHub\_internal\alembic\testing\plugin\__init__.py
   Compressing: D:\a\PaperFlow-Stream\PaperFlow-Stream\packaging\windows\..\..\dist\PaperFlowHub\_internal\alembic\testing\suite\test_autogen_comments.py
   Compressing: D:\a\PaperFlow-Stream\PaperFlow-Stream\packaging\windows\..\..\dist\PaperFlowHub\_internal\alembic\testing\suite\test_autogen_computed.py
   Compressing: D:\a\PaperFlow-Stream\PaperFlow-Stream\packaging\windows\..\..\dist\PaperFlowHub\_internal\alembic\testing\suite\test_autogen_diffs.py
   Compressing: D:\a\PaperFlow-Stream\PaperFlow-Stream\packaging\windows\..\..\dist\PaperFlowHub\_internal\alembic\testing\suite\test_autogen_fks.py
   Compressing: D:\a\PaperFlow-Stream\PaperFlow-Stream\packaging\windows\..\..\dist\PaperFlowHub\_internal\alembic\testing\suite\test_autogen_identity.py
   Compressing: D:\a\PaperFlow-Stream\PaperFlow-Stream\packaging\windows\..\..\dist\PaperFlowHub\_internal\alembic\testing\suite\test_environment.py
   Compressing: D:\a\PaperFlow-Stream\PaperFlow-Stream\packaging\windows\..\..\dist\PaperFlowHub\_internal\alembic\testing\suite\test_op.py
   Compressing: D:\a\PaperFlow-Stream\PaperFlow-Stream\packaging\windows\..\..\dist\PaperFlowHub\_internal\alembic\testing\suite\_autogen_fixtures.py
   Compressing: D:\a\PaperFlow-Stream\PaperFlow-Stream\packaging\windows\..\..\dist\PaperFlowHub\_internal\alembic\testing\suite\__init__.py
   Compressing: D:\a\PaperFlow-Stream\PaperFlow-Stream\packaging\windows\..\..\dist\PaperFlowHub\_internal\alembic\util\compat.py
   Compressing: D:\a\PaperFlow-Stream\PaperFlow-Stream\packaging\windows\..\..\dist\PaperFlowHub\_internal\alembic\util\editor.py
   Compressing: D:\a\PaperFlow-Stream\PaperFlow-Stream\packaging\windows\..\..\dist\PaperFlowHub\_internal\alembic\util\exc.py
   Compressing: D:\a\PaperFlow-Stream\PaperFlow-Stream\packaging\windows\..\..\dist\PaperFlowHub\_internal\alembic\util\langhelpers.py
   Compressing: D:\a\PaperFlow-Stream\PaperFlow-Stream\packaging\windows\..\..\dist\PaperFlowHub\_internal\alembic\util\messaging.py
   Compressing: D:\a\PaperFlow-Stream\PaperFlow-Stream\packaging\windows\..\..\dist\PaperFlowHub\_internal\alembic\util\pyfiles.py
   Compressing: D:\a\PaperFlow-Stream\PaperFlow-Stream\packaging\windows\..\..\dist\PaperFlowHub\_internal\alembic\util\sqla_compat.py
   Compressing: D:\a\PaperFlow-Stream\PaperFlow-Stream\packaging\windows\..\..\dist\PaperFlowHub\_internal\alembic\util\__init__.py
   Compressing: D:\a\PaperFlow-Stream\PaperFlow-Stream\packaging\windows\..\..\dist\PaperFlowHub\_internal\alembic-1.18.5.dist-info\entry_points.txt
   Compressing: D:\a\PaperFlow-Stream\PaperFlow-Stream\packaging\windows\..\..\dist\PaperFlowHub\_internal\alembic-1.18.5.dist-info\INSTALLER
   Compressing: D:\a\PaperFlow-Stream\PaperFlow-Stream\packaging\windows\..\..\dist\PaperFlowHub\_internal\alembic-1.18.5.dist-info\METADATA
   Compressing: D:\a\PaperFlow-Stream\PaperFlow-Stream\packaging\windows\..\..\dist\PaperFlowHub\_internal\alembic-1.18.5.dist-info\RECORD
   Compressing: D:\a\PaperFlow-Stream\PaperFlow-Stream\packaging\windows\..\..\dist\PaperFlowHub\_internal\alembic-1.18.5.dist-info\REQUESTED
   Compressing: D:\a\PaperFlow-Stream\PaperFlow-Stream\packaging\windows\..\..\dist\PaperFlowHub\_internal\alembic-1.18.5.dist-info\top_level.txt
   Compressing: D:\a\PaperFlow-Stream\PaperFlow-Stream\packaging\windows\..\..\dist\PaperFlowHub\_internal\alembic-1.18.5.dist-info\WHEEL
   Compressing: D:\a\PaperFlow-Stream\PaperFlow-Stream\packaging\windows\..\..\dist\PaperFlowHub\_internal\alembic-1.18.5.dist-info\licenses\LICENSE
   Compressing: D:\a\PaperFlow-Stream\PaperFlow-Stream\packaging\windows\..\..\dist\PaperFlowHub\_internal\certifi\cacert.pem
   Compressing: D:\a\PaperFlow-Stream\PaperFlow-Stream\packaging\windows\..\..\dist\PaperFlowHub\_internal\certifi\py.typed
   Compressing: D:\a\PaperFlow-Stream\PaperFlow-Stream\packaging\windows\..\..\dist\PaperFlowHub\_internal\charset_normalizer\cd.cp311-win_amd64.pyd
   Compressing: D:\a\PaperFlow-Stream\PaperFlow-Stream\packaging\windows\..\..\dist\PaperFlowHub\_internal\charset_normalizer\md.cp311-win_amd64.pyd
   Compressing: D:\a\PaperFlow-Stream\PaperFlow-Stream\packaging\windows\..\..\dist\PaperFlowHub\_internal\click-8.4.2.dist-info\INSTALLER
   Compressing: D:\a\PaperFlow-Stream\PaperFlow-Stream\packaging\windows\..\..\dist\PaperFlowHub\_internal\click-8.4.2.dist-info\METADATA
   Compressing: D:\a\PaperFlow-Stream\PaperFlow-Stream\packaging\windows\..\..\dist\PaperFlowHub\_internal\click-8.4.2.dist-info\RECORD
   Compressing: D:\a\PaperFlow-Stream\PaperFlow-Stream\packaging\windows\..\..\dist\PaperFlowHub\_internal\click-8.4.2.dist-info\WHEEL
   Compressing: D:\a\PaperFlow-Stream\PaperFlow-Stream\packaging\windows\..\..\dist\PaperFlowHub\_internal\click-8.4.2.dist-info\licenses\LICENSE.txt
   Compressing: D:\a\PaperFlow-Stream\PaperFlow-Stream\packaging\windows\..\..\dist\PaperFlowHub\_internal\cv2\config-3.py
   Compressing: D:\a\PaperFlow-Stream\PaperFlow-Stream\packaging\windows\..\..\dist\PaperFlowHub\_internal\cv2\config.py
   Compressing: D:\a\PaperFlow-Stream\PaperFlow-Stream\packaging\windows\..\..\dist\PaperFlowHub\_internal\cv2\cv2.pyd
   Compressing: D:\a\PaperFlow-Stream\PaperFlow-Stream\packaging\windows\..\..\dist\PaperFlowHub\_internal\cv2\LICENSE-3RD-PARTY.txt
   Compressing: D:\a\PaperFlow-Stream\PaperFlow-Stream\packaging\windows\..\..\dist\PaperFlowHub\_internal\cv2\LICENSE.txt
   Compressing: D:\a\PaperFlow-Stream\PaperFlow-Stream\packaging\windows\..\..\dist\PaperFlowHub\_internal\cv2\load_config_py3.py
   Compressing: D:\a\PaperFlow-Stream\PaperFlow-Stream\packaging\windows\..\..\dist\PaperFlowHub\_internal\cv2\opencv_videoio_ffmpeg4130_64.dll
   Compressing: D:\a\PaperFlow-Stream\PaperFlow-Stream\packaging\windows\..\..\dist\PaperFlowHub\_internal\cv2\py.typed
   Compressing: D:\a\PaperFlow-Stream\PaperFlow-Stream\packaging\windows\..\..\dist\PaperFlowHub\_internal\cv2\version.py
   Compressing: D:\a\PaperFlow-Stream\PaperFlow-Stream\packaging\windows\..\..\dist\PaperFlowHub\_internal\cv2\__init__.py
   Compressing: D:\a\PaperFlow-Stream\PaperFlow-Stream\packaging\windows\..\..\dist\PaperFlowHub\_internal\cv2\__init__.pyi
   Compressing: D:\a\PaperFlow-Stream\PaperFlow-Stream\packaging\windows\..\..\dist\PaperFlowHub\_internal\cv2\aruco\__init__.pyi
   Compressing: D:\a\PaperFlow-Stream\PaperFlow-Stream\packaging\windows\..\..\dist\PaperFlowHub\_internal\cv2\barcode\__init__.pyi
   Compressing: D:\a\PaperFlow-Stream\PaperFlow-Stream\packaging\windows\..\..\dist\PaperFlowHub\_internal\cv2\cuda\__init__.pyi
   Compressing: D:\a\PaperFlow-Stream\PaperFlow-Stream\packaging\windows\..\..\dist\PaperFlowHub\_internal\cv2\data\haarcascade_eye.xml
   Compressing: D:\a\PaperFlow-Stream\PaperFlow-Stream\packaging\windows\..\..\dist\PaperFlowHub\_internal\cv2\data\haarcascade_eye_tree_eyeglasses.xml
   Compressing: D:\a\PaperFlow-Stream\PaperFlow-Stream\packaging\windows\..\..\dist\PaperFlowHub\_internal\cv2\data\haarcascade_frontalcatface.xml
   Compressing: D:\a\PaperFlow-Stream\PaperFlow-Stream\packaging\windows\..\..\dist\PaperFlowHub\_internal\cv2\data\haarcascade_frontalcatface_extended.xml
   Compressing: D:\a\PaperFlow-Stream\PaperFlow-Stream\packaging\windows\..\..\dist\PaperFlowHub\_internal\cv2\data\haarcascade_frontalface_alt.xml
   Compressing: D:\a\PaperFlow-Stream\PaperFlow-Stream\packaging\windows\..\..\dist\PaperFlowHub\_internal\cv2\data\haarcascade_frontalface_alt2.xml
   Compressing: D:\a\PaperFlow-Stream\PaperFlow-Stream\packaging\windows\..\..\dist\PaperFlowHub\_internal\cv2\data\haarcascade_frontalface_alt_tree.xml
   Compressing: D:\a\PaperFlow-Stream\PaperFlow-Stream\packaging\windows\..\..\dist\PaperFlowHub\_internal\cv2\data\haarcascade_frontalface_default.xml
   Compressing: D:\a\PaperFlow-Stream\PaperFlow-Stream\packaging\windows\..\..\dist\PaperFlowHub\_internal\cv2\data\haarcascade_fullbody.xml
   Compressing: D:\a\PaperFlow-Stream\PaperFlow-Stream\packaging\windows\..\..\dist\PaperFlowHub\_internal\cv2\data\haarcascade_lefteye_2splits.xml
   Compressing: D:\a\PaperFlow-Stream\PaperFlow-Stream\packaging\windows\..\..\dist\PaperFlowHub\_internal\cv2\data\haarcascade_license_plate_rus_16stages.xml
   Compressing: D:\a\PaperFlow-Stream\PaperFlow-Stream\packaging\windows\..\..\dist\PaperFlowHub\_internal\cv2\data\haarcascade_lowerbody.xml
   Compressing: D:\a\PaperFlow-Stream\PaperFlow-Stream\packaging\windows\..\..\dist\PaperFlowHub\_internal\cv2\data\haarcascade_profileface.xml
   Compressing: D:\a\PaperFlow-Stream\PaperFlow-Stream\packaging\windows\..\..\dist\PaperFlowHub\_internal\cv2\data\haarcascade_righteye_2splits.xml
   Compressing: D:\a\PaperFlow-Stream\PaperFlow-Stream\packaging\windows\..\..\dist\PaperFlowHub\_internal\cv2\data\haarcascade_russian_plate_number.xml
   Compressing: D:\a\PaperFlow-Stream\PaperFlow-Stream\packaging\windows\..\..\dist\PaperFlowHub\_internal\cv2\data\haarcascade_smile.xml
   Compressing: D:\a\PaperFlow-Stream\PaperFlow-Stream\packaging\windows\..\..\dist\PaperFlowHub\_internal\cv2\data\haarcascade_upperbody.xml
   Compressing: D:\a\PaperFlow-Stream\PaperFlow-Stream\packaging\windows\..\..\dist\PaperFlowHub\_internal\cv2\data\__init__.py
   Compressing: D:\a\PaperFlow-Stream\PaperFlow-Stream\packaging\windows\..\..\dist\PaperFlowHub\_internal\cv2\detail\__init__.pyi
   Compressing: D:\a\PaperFlow-Stream\PaperFlow-Stream\packaging\windows\..\..\dist\PaperFlowHub\_internal\cv2\dnn\__init__.pyi
   Compressing: D:\a\PaperFlow-Stream\PaperFlow-Stream\packaging\windows\..\..\dist\PaperFlowHub\_internal\cv2\Error\__init__.pyi
   Compressing: D:\a\PaperFlow-Stream\PaperFlow-Stream\packaging\windows\..\..\dist\PaperFlowHub\_internal\cv2\fisheye\__init__.pyi
   Compressing: D:\a\PaperFlow-Stream\PaperFlow-Stream\packaging\windows\..\..\dist\PaperFlowHub\_internal\cv2\flann\__init__.pyi
   Compressing: D:\a\PaperFlow-Stream\PaperFlow-Stream\packaging\windows\..\..\dist\PaperFlowHub\_internal\cv2\gapi\__init__.py
   Compressing: D:\a\PaperFlow-Stream\PaperFlow-Stream\packaging\windows\..\..\dist\PaperFlowHub\_internal\cv2\gapi\__init__.pyi
   Compressing: D:\a\PaperFlow-Stream\PaperFlow-Stream\packaging\windows\..\..\dist\PaperFlowHub\_internal\cv2\gapi\core\__init__.pyi
   Compressing: D:\a\PaperFlow-Stream\PaperFlow-Stream\packaging\windows\..\..\dist\PaperFlowHub\_internal\cv2\gapi\core\cpu\__init__.pyi
   Compressing: D:\a\PaperFlow-Stream\PaperFlow-Stream\packaging\windows\..\..\dist\PaperFlowHub\_internal\cv2\gapi\core\fluid\__init__.pyi
   Compressing: D:\a\PaperFlow-Stream\PaperFlow-Stream\packaging\windows\..\..\dist\PaperFlowHub\_internal\cv2\gapi\core\ocl\__init__.pyi
   Compressing: D:\a\PaperFlow-Stream\PaperFlow-Stream\packaging\windows\..\..\dist\PaperFlowHub\_internal\cv2\gapi\ie\__init__.pyi
   Compressing: D:\a\PaperFlow-Stream\PaperFlow-Stream\packaging\windows\..\..\dist\PaperFlowHub\_internal\cv2\gapi\ie\detail\__init__.pyi
   Compressing: D:\a\PaperFlow-Stream\PaperFlow-Stream\packaging\windows\..\..\dist\PaperFlowHub\_internal\cv2\gapi\imgproc\__init__.pyi
   Compressing: D:\a\PaperFlow-Stream\PaperFlow-Stream\packaging\windows\..\..\dist\PaperFlowHub\_internal\cv2\gapi\imgproc\fluid\__init__.pyi
   Compressing: D:\a\PaperFlow-Stream\PaperFlow-Stream\packaging\windows\..\..\dist\PaperFlowHub\_internal\cv2\gapi\oak\__init__.pyi
   Compressing: D:\a\PaperFlow-Stream\PaperFlow-Stream\packaging\windows\..\..\dist\PaperFlowHub\_internal\cv2\gapi\onnx\__init__.pyi
   Compressing: D:\a\PaperFlow-Stream\PaperFlow-Stream\packaging\windows\..\..\dist\PaperFlowHub\_internal\cv2\gapi\onnx\ep\__init__.pyi
   Compressing: D:\a\PaperFlow-Stream\PaperFlow-Stream\packaging\windows\..\..\dist\PaperFlowHub\_internal\cv2\gapi\ot\__init__.pyi
   Compressing: D:\a\PaperFlow-Stream\PaperFlow-Stream\packaging\windows\..\..\dist\PaperFlowHub\_internal\cv2\gapi\ot\cpu\__init__.pyi
   Compressing: D:\a\PaperFlow-Stream\PaperFlow-Stream\packaging\windows\..\..\dist\PaperFlowHub\_internal\cv2\gapi\ov\__init__.pyi
   Compressing: D:\a\PaperFlow-Stream\PaperFlow-Stream\packaging\windows\..\..\dist\PaperFlowHub\_internal\cv2\gapi\own\__init__.pyi
   Compressing: D:\a\PaperFlow-Stream\PaperFlow-Stream\packaging\windows\..\..\dist\PaperFlowHub\_internal\cv2\gapi\own\detail\__init__.pyi
   Compressing: D:\a\PaperFlow-Stream\PaperFlow-Stream\packaging\windows\..\..\dist\PaperFlowHub\_internal\cv2\gapi\render\__init__.pyi
   Compressing: D:\a\PaperFlow-Stream\PaperFlow-Stream\packaging\windows\..\..\dist\PaperFlowHub\_internal\cv2\gapi\render\ocv\__init__.pyi
   Compressing: D:\a\PaperFlow-Stream\PaperFlow-Stream\packaging\windows\..\..\dist\PaperFlowHub\_internal\cv2\gapi\streaming\__init__.pyi
   Compressing: D:\a\PaperFlow-Stream\PaperFlow-Stream\packaging\windows\..\..\dist\PaperFlowHub\_internal\cv2\gapi\video\__init__.pyi
   Compressing: D:\a\PaperFlow-Stream\PaperFlow-Stream\packaging\windows\..\..\dist\PaperFlowHub\_internal\cv2\gapi\wip\__init__.pyi
   Compressing: D:\a\PaperFlow-Stream\PaperFlow-Stream\packaging\windows\..\..\dist\PaperFlowHub\_internal\cv2\gapi\wip\draw\__init__.pyi
   Compressing: D:\a\PaperFlow-Stream\PaperFlow-Stream\packaging\windows\..\..\dist\PaperFlowHub\_internal\cv2\gapi\wip\gst\__init__.pyi
   Compressing: D:\a\PaperFlow-Stream\PaperFlow-Stream\packaging\windows\..\..\dist\PaperFlowHub\_internal\cv2\gapi\wip\onevpl\__init__.pyi
   Compressing: D:\a\PaperFlow-Stream\PaperFlow-Stream\packaging\windows\..\..\dist\PaperFlowHub\_internal\cv2\instr\__init__.pyi
   Compressing: D:\a\PaperFlow-Stream\PaperFlow-Stream\packaging\windows\..\..\dist\PaperFlowHub\_internal\cv2\ipp\__init__.pyi
   Compressing: D:\a\PaperFlow-Stream\PaperFlow-Stream\packaging\windows\..\..\dist\PaperFlowHub\_internal\cv2\mat_wrapper\__init__.py
   Compressing: D:\a\PaperFlow-Stream\PaperFlow-Stream\packaging\windows\..\..\dist\PaperFlowHub\_internal\cv2\misc\version.py
   Compressing: D:\a\PaperFlow-Stream\PaperFlow-Stream\packaging\windows\..\..\dist\PaperFlowHub\_internal\cv2\misc\__init__.py
   Compressing: D:\a\PaperFlow-Stream\PaperFlow-Stream\packaging\windows\..\..\dist\PaperFlowHub\_internal\cv2\ml\__init__.pyi
   Compressing: D:\a\PaperFlow-Stream\PaperFlow-Stream\packaging\windows\..\..\dist\PaperFlowHub\_internal\cv2\ocl\__init__.pyi
   Compressing: D:\a\PaperFlow-Stream\PaperFlow-Stream\packaging\windows\..\..\dist\PaperFlowHub\_internal\cv2\ogl\__init__.pyi
   Compressing: D:\a\PaperFlow-Stream\PaperFlow-Stream\packaging\windows\..\..\dist\PaperFlowHub\_internal\cv2\parallel\__init__.pyi
   Compressing: D:\a\PaperFlow-Stream\PaperFlow-Stream\packaging\windows\..\..\dist\PaperFlowHub\_internal\cv2\samples\__init__.pyi
   Compressing: D:\a\PaperFlow-Stream\PaperFlow-Stream\packaging\windows\..\..\dist\PaperFlowHub\_internal\cv2\segmentation\__init__.pyi
   Compressing: D:\a\PaperFlow-Stream\PaperFlow-Stream\packaging\windows\..\..\dist\PaperFlowHub\_internal\cv2\typing\__init__.py
   Compressing: D:\a\PaperFlow-Stream\PaperFlow-Stream\packaging\windows\..\..\dist\PaperFlowHub\_internal\cv2\utils\__init__.py
   Compressing: D:\a\PaperFlow-Stream\PaperFlow-Stream\packaging\windows\..\..\dist\PaperFlowHub\_internal\cv2\utils\__init__.pyi
   Compressing: D:\a\PaperFlow-Stream\PaperFlow-Stream\packaging\windows\..\..\dist\PaperFlowHub\_internal\cv2\utils\fs\__init__.pyi
   Compressing: D:\a\PaperFlow-Stream\PaperFlow-Stream\packaging\windows\..\..\dist\PaperFlowHub\_internal\cv2\utils\logging\__init__.pyi
   Compressing: D:\a\PaperFlow-Stream\PaperFlow-Stream\packaging\windows\..\..\dist\PaperFlowHub\_internal\cv2\utils\nested\__init__.pyi
   Compressing: D:\a\PaperFlow-Stream\PaperFlow-Stream\packaging\windows\..\..\dist\PaperFlowHub\_internal\cv2\videoio_registry\__init__.pyi
   Compressing: D:\a\PaperFlow-Stream\PaperFlow-Stream\packaging\windows\..\..\dist\PaperFlowHub\_internal\fastapi\applications.py
   Compressing: D:\a\PaperFlow-Stream\PaperFlow-Stream\packaging\windows\..\..\dist\PaperFlowHub\_internal\fastapi\background.py
   Compressing: D:\a\PaperFlow-Stream\PaperFlow-Stream\packaging\windows\..\..\dist\PaperFlowHub\_internal\fastapi\cli.py
   Compressing: D:\a\PaperFlow-Stream\PaperFlow-Stream\packaging\windows\..\..\dist\PaperFlowHub\_internal\fastapi\concurrency.py
   Compressing: D:\a\PaperFlow-Stream\PaperFlow-Stream\packaging\windows\..\..\dist\PaperFlowHub\_internal\fastapi\datastructures.py
   Compressing: D:\a\PaperFlow-Stream\PaperFlow-Stream\packaging\windows\..\..\dist\PaperFlowHub\_internal\fastapi\encoders.py
   Compressing: D:\a\PaperFlow-Stream\PaperFlow-Stream\packaging\windows\..\..\dist\PaperFlowHub\_internal\fastapi\exceptions.py
   Compressing: D:\a\PaperFlow-Stream\PaperFlow-Stream\packaging\windows\..\..\dist\PaperFlowHub\_internal\fastapi\exception_handlers.py
   Compressing: D:\a\PaperFlow-Stream\PaperFlow-Stream\packaging\windows\..\..\dist\PaperFlowHub\_internal\fastapi\logger.py
   Compressing: D:\a\PaperFlow-Stream\PaperFlow-Stream\packaging\windows\..\..\dist\PaperFlowHub\_internal\fastapi\params.py
   Compressing: D:\a\PaperFlow-Stream\PaperFlow-Stream\packaging\windows\..\..\dist\PaperFlowHub\_internal\fastapi\param_functions.py
   Compressing: D:\a\PaperFlow-Stream\PaperFlow-Stream\packaging\windows\..\..\dist\PaperFlowHub\_internal\fastapi\py.typed
   Compressing: D:\a\PaperFlow-Stream\PaperFlow-Stream\packaging\windows\..\..\dist\PaperFlowHub\_internal\fastapi\requests.py
   Compressing: D:\a\PaperFlow-Stream\PaperFlow-Stream\packaging\windows\..\..\dist\PaperFlowHub\_internal\fastapi\responses.py
   Compressing: D:\a\PaperFlow-Stream\PaperFlow-Stream\packaging\windows\..\..\dist\PaperFlowHub\_internal\fastapi\routing.py
   Compressing: D:\a\PaperFlow-Stream\PaperFlow-Stream\packaging\windows\..\..\dist\PaperFlowHub\_internal\fastapi\sse.py
   Compressing: D:\a\PaperFlow-Stream\PaperFlow-Stream\packaging\windows\..\..\dist\PaperFlowHub\_internal\fastapi\staticfiles.py
   Compressing: D:\a\PaperFlow-Stream\PaperFlow-Stream\packaging\windows\..\..\dist\PaperFlowHub\_internal\fastapi\templating.py
   Compressing: D:\a\PaperFlow-Stream\PaperFlow-Stream\packaging\windows\..\..\dist\PaperFlowHub\_internal\fastapi\testclient.py
   Compressing: D:\a\PaperFlow-Stream\PaperFlow-Stream\packaging\windows\..\..\dist\PaperFlowHub\_internal\fastapi\types.py
   Compressing: D:\a\PaperFlow-Stream\PaperFlow-Stream\packaging\windows\..\..\dist\PaperFlowHub\_internal\fastapi\utils.py
   Compressing: D:\a\PaperFlow-Stream\PaperFlow-Stream\packaging\windows\..\..\dist\PaperFlowHub\_internal\fastapi\websockets.py
   Compressing: D:\a\PaperFlow-Stream\PaperFlow-Stream\packaging\windows\..\..\dist\PaperFlowHub\_internal\fastapi\__init__.py
   Compressing: D:\a\PaperFlow-Stream\PaperFlow-Stream\packaging\windows\..\..\dist\PaperFlowHub\_internal\fastapi\__main__.py
   Compressing: D:\a\PaperFlow-Stream\PaperFlow-Stream\packaging\windows\..\..\dist\PaperFlowHub\_internal\fastapi\.agents\skills\fastapi\SKILL.md
   Compressing: D:\a\PaperFlow-Stream\PaperFlow-Stream\packaging\windows\..\..\dist\PaperFlowHub\_internal\fastapi\.agents\skills\fastapi\references\dependencies.md
   Compressing: D:\a\PaperFlow-Stream\PaperFlow-Stream\packaging\windows\..\..\dist\PaperFlowHub\_internal\fastapi\.agents\skills\fastapi\references\other-tools.md
   Compressing: D:\a\PaperFlow-Stream\PaperFlow-Stream\packaging\windows\..\..\dist\PaperFlowHub\_internal\fastapi\.agents\skills\fastapi\references\path-operations.md
   Compressing: D:\a\PaperFlow-Stream\PaperFlow-Stream\packaging\windows\..\..\dist\PaperFlowHub\_internal\fastapi\.agents\skills\fastapi\references\pydantic.md
   Compressing: D:\a\PaperFlow-Stream\PaperFlow-Stream\packaging\windows\..\..\dist\PaperFlowHub\_internal\fastapi\.agents\skills\fastapi\references\responses.md
   Compressing: D:\a\PaperFlow-Stream\PaperFlow-Stream\packaging\windows\..\..\dist\PaperFlowHub\_internal\fastapi\.agents\skills\fastapi\references\streaming.md
   Compressing: D:\a\PaperFlow-Stream\PaperFlow-Stream\packaging\windows\..\..\dist\PaperFlowHub\_internal\fastapi\dependencies\models.py
   Compressing: D:\a\PaperFlow-Stream\PaperFlow-Stream\packaging\windows\..\..\dist\PaperFlowHub\_internal\fastapi\dependencies\utils.py
   Compressing: D:\a\PaperFlow-Stream\PaperFlow-Stream\packaging\windows\..\..\dist\PaperFlowHub\_internal\fastapi\dependencies\__init__.py
   Compressing: D:\a\PaperFlow-Stream\PaperFlow-Stream\packaging\windows\..\..\dist\PaperFlowHub\_internal\fastapi\middleware\asyncexitstack.py
   Compressing: D:\a\PaperFlow-Stream\PaperFlow-Stream\packaging\windows\..\..\dist\PaperFlowHub\_internal\fastapi\middleware\cors.py
   Compressing: D:\a\PaperFlow-Stream\PaperFlow-Stream\packaging\windows\..\..\dist\PaperFlowHub\_internal\fastapi\middleware\gzip.py
   Compressing: D:\a\PaperFlow-Stream\PaperFlow-Stream\packaging\windows\..\..\dist\PaperFlowHub\_internal\fastapi\middleware\httpsredirect.py
   Compressing: D:\a\PaperFlow-Stream\PaperFlow-Stream\packaging\windows\..\..\dist\PaperFlowHub\_internal\fastapi\middleware\trustedhost.py
   Compressing: D:\a\PaperFlow-Stream\PaperFlow-Stream\packaging\windows\..\..\dist\PaperFlowHub\_internal\fastapi\middleware\wsgi.py
   Compressing: D:\a\PaperFlow-Stream\PaperFlow-Stream\packaging\windows\..\..\dist\PaperFlowHub\_internal\fastapi\middleware\__init__.py
   Compressing: D:\a\PaperFlow-Stream\PaperFlow-Stream\packaging\windows\..\..\dist\PaperFlowHub\_internal\fastapi\openapi\constants.py
   Compressing: D:\a\PaperFlow-Stream\PaperFlow-Stream\packaging\windows\..\..\dist\PaperFlowHub\_internal\fastapi\openapi\docs.py
   Compressing: D:\a\PaperFlow-Stream\PaperFlow-Stream\packaging\windows\..\..\dist\PaperFlowHub\_internal\fastapi\openapi\models.py
   Compressing: D:\a\PaperFlow-Stream\PaperFlow-Stream\packaging\windows\..\..\dist\PaperFlowHub\_internal\fastapi\openapi\utils.py
   Compressing: D:\a\PaperFlow-Stream\PaperFlow-Stream\packaging\windows\..\..\dist\PaperFlowHub\_internal\fastapi\openapi\__init__.py
   Compressing: D:\a\PaperFlow-Stream\PaperFlow-Stream\packaging\windows\..\..\dist\PaperFlowHub\_internal\fastapi\security\api_key.py
   Compressing: D:\a\PaperFlow-Stream\PaperFlow-Stream\packaging\windows\..\..\dist\PaperFlowHub\_internal\fastapi\security\base.py
   Compressing: D:\a\PaperFlow-Stream\PaperFlow-Stream\packaging\windows\..\..\dist\PaperFlowHub\_internal\fastapi\security\http.py
   Compressing: D:\a\PaperFlow-Stream\PaperFlow-Stream\packaging\windows\..\..\dist\PaperFlowHub\_internal\fastapi\security\oauth2.py
   Compressing: D:\a\PaperFlow-Stream\PaperFlow-Stream\packaging\windows\..\..\dist\PaperFlowHub\_internal\fastapi\security\open_id_connect_url.py
   Compressing: D:\a\PaperFlow-Stream\PaperFlow-Stream\packaging\windows\..\..\dist\PaperFlowHub\_internal\fastapi\security\utils.py
   Compressing: D:\a\PaperFlow-Stream\PaperFlow-Stream\packaging\windows\..\..\dist\PaperFlowHub\_internal\fastapi\security\__init__.py
   Compressing: D:\a\PaperFlow-Stream\PaperFlow-Stream\packaging\windows\..\..\dist\PaperFlowHub\_internal\fastapi\_compat\shared.py
   Compressing: D:\a\PaperFlow-Stream\PaperFlow-Stream\packaging\windows\..\..\dist\PaperFlowHub\_internal\fastapi\_compat\v2.py
   Compressing: D:\a\PaperFlow-Stream\PaperFlow-Stream\packaging\windows\..\..\dist\PaperFlowHub\_internal\fastapi\_compat\__init__.py
   Compressing: D:\a\PaperFlow-Stream\PaperFlow-Stream\packaging\windows\..\..\dist\PaperFlowHub\_internal\fastapi-0.140.0.dist-info\entry_points.txt
   Compressing: D:\a\PaperFlow-Stream\PaperFlow-Stream\packaging\windows\..\..\dist\PaperFlowHub\_internal\fastapi-0.140.0.dist-info\INSTALLER
   Compressing: D:\a\PaperFlow-Stream\PaperFlow-Stream\packaging\windows\..\..\dist\PaperFlowHub\_internal\fastapi-0.140.0.dist-info\METADATA
   Compressing: D:\a\PaperFlow-Stream\PaperFlow-Stream\packaging\windows\..\..\dist\PaperFlowHub\_internal\fastapi-0.140.0.dist-info\RECORD
   Compressing: D:\a\PaperFlow-Stream\PaperFlow-Stream\packaging\windows\..\..\dist\PaperFlowHub\_internal\fastapi-0.140.0.dist-info\REQUESTED
   Compressing: D:\a\PaperFlow-Stream\PaperFlow-Stream\packaging\windows\..\..\dist\PaperFlowHub\_internal\fastapi-0.140.0.dist-info\WHEEL
   Compressing: D:\a\PaperFlow-Stream\PaperFlow-Stream\packaging\windows\..\..\dist\PaperFlowHub\_internal\fastapi-0.140.0.dist-info\licenses\LICENSE
   Compressing: D:\a\PaperFlow-Stream\PaperFlow-Stream\packaging\windows\..\..\dist\PaperFlowHub\_internal\frontend\dist\index.html
   Compressing: D:\a\PaperFlow-Stream\PaperFlow-Stream\packaging\windows\..\..\dist\PaperFlowHub\_internal\frontend\dist\manifest.webmanifest
   Compressing: D:\a\PaperFlow-Stream\PaperFlow-Stream\packaging\windows\..\..\dist\PaperFlowHub\_internal\frontend\dist\paperflow-icon.svg
   Compressing: D:\a\PaperFlow-Stream\PaperFlow-Stream\packaging\windows\..\..\dist\PaperFlowHub\_internal\frontend\dist\sw.js
   Compressing: D:\a\PaperFlow-Stream\PaperFlow-Stream\packaging\windows\..\..\dist\PaperFlowHub\_internal\frontend\dist\assets\index-1F6Td-sX.js
   Compressing: D:\a\PaperFlow-Stream\PaperFlow-Stream\packaging\windows\..\..\dist\PaperFlowHub\_internal\frontend\dist\assets\index-DhhaW4Cq.css
   Compressing: D:\a\PaperFlow-Stream\PaperFlow-Stream\packaging\windows\..\..\dist\PaperFlowHub\_internal\greenlet\_greenlet.cp311-win_amd64.pyd
   Compressing: D:\a\PaperFlow-Stream\PaperFlow-Stream\packaging\windows\..\..\dist\PaperFlowHub\_internal\httptools\parser\parser.cp311-win_amd64.pyd
   Compressing: D:\a\PaperFlow-Stream\PaperFlow-Stream\packaging\windows\..\..\dist\PaperFlowHub\_internal\httptools\parser\url_parser.cp311-win_amd64.pyd
   Compressing: D:\a\PaperFlow-Stream\PaperFlow-Stream\packaging\windows\..\..\dist\PaperFlowHub\_internal\markupsafe\_speedups.cp311-win_amd64.pyd
   Compressing: D:\a\PaperFlow-Stream\PaperFlow-Stream\packaging\windows\..\..\dist\PaperFlowHub\_internal\markupsafe-3.0.3.dist-info\INSTALLER
   Compressing: D:\a\PaperFlow-Stream\PaperFlow-Stream\packaging\windows\..\..\dist\PaperFlowHub\_internal\markupsafe-3.0.3.dist-info\METADATA
   Compressing: D:\a\PaperFlow-Stream\PaperFlow-Stream\packaging\windows\..\..\dist\PaperFlowHub\_internal\markupsafe-3.0.3.dist-info\RECORD
   Compressing: D:\a\PaperFlow-Stream\PaperFlow-Stream\packaging\windows\..\..\dist\PaperFlowHub\_internal\markupsafe-3.0.3.dist-info\top_level.txt
   Compressing: D:\a\PaperFlow-Stream\PaperFlow-Stream\packaging\windows\..\..\dist\PaperFlowHub\_internal\markupsafe-3.0.3.dist-info\WHEEL
   Compressing: D:\a\PaperFlow-Stream\PaperFlow-Stream\packaging\windows\..\..\dist\PaperFlowHub\_internal\markupsafe-3.0.3.dist-info\licenses\LICENSE.txt
   Compressing: D:\a\PaperFlow-Stream\PaperFlow-Stream\packaging\windows\..\..\dist\PaperFlowHub\_internal\migrations\env.py
   Compressing: D:\a\PaperFlow-Stream\PaperFlow-Stream\packaging\windows\..\..\dist\PaperFlowHub\_internal\migrations\script.py.mako
   Compressing: D:\a\PaperFlow-Stream\PaperFlow-Stream\packaging\windows\..\..\dist\PaperFlowHub\_internal\migrations\versions\4c4d40c18081_baseline_schema_0_2.py
   Compressing: D:\a\PaperFlow-Stream\PaperFlow-Stream\packaging\windows\..\..\dist\PaperFlowHub\_internal\migrations\versions\bb62b65c2a2e_sync_models_after_0_2.py
   Compressing: D:\a\PaperFlow-Stream\PaperFlow-Stream\packaging\windows\..\..\dist\PaperFlowHub\_internal\migrations\versions\__pycache__\4c4d40c18081_baseline_schema_0_2.cpython-311.pyc
   Compressing: D:\a\PaperFlow-Stream\PaperFlow-Stream\packaging\windows\..\..\dist\PaperFlowHub\_internal\migrations\versions\__pycache__\bb62b65c2a2e_sync_models_after_0_2.cpython-311.pyc
   Compressing: D:\a\PaperFlow-Stream\PaperFlow-Stream\packaging\windows\..\..\dist\PaperFlowHub\_internal\migrations\__pycache__\env.cpython-311.pyc
   Compressing: D:\a\PaperFlow-Stream\PaperFlow-Stream\packaging\windows\..\..\dist\PaperFlowHub\_internal\numpy\fft\_pocketfft_umath.cp311-win_amd64.pyd
   Compressing: D:\a\PaperFlow-Stream\PaperFlow-Stream\packaging\windows\..\..\dist\PaperFlowHub\_internal\numpy\linalg\_umath_linalg.cp311-win_amd64.pyd
   Compressing: D:\a\PaperFlow-Stream\PaperFlow-Stream\packaging\windows\..\..\dist\PaperFlowHub\_internal\numpy\random\bit_generator.cp311-win_amd64.pyd
   Compressing: D:\a\PaperFlow-Stream\PaperFlow-Stream\packaging\windows\..\..\dist\PaperFlowHub\_internal\numpy\random\mtrand.cp311-win_amd64.pyd
   Compressing: D:\a\PaperFlow-Stream\PaperFlow-Stream\packaging\windows\..\..\dist\PaperFlowHub\_internal\numpy\random\_bounded_integers.cp311-win_amd64.pyd
   Compressing: D:\a\PaperFlow-Stream\PaperFlow-Stream\packaging\windows\..\..\dist\PaperFlowHub\_internal\numpy\random\_common.cp311-win_amd64.pyd
   Compressing: D:\a\PaperFlow-Stream\PaperFlow-Stream\packaging\windows\..\..\dist\PaperFlowHub\_internal\numpy\random\_generator.cp311-win_amd64.pyd
   Compressing: D:\a\PaperFlow-Stream\PaperFlow-Stream\packaging\windows\..\..\dist\PaperFlowHub\_internal\numpy\random\_mt19937.cp311-win_amd64.pyd
   Compressing: D:\a\PaperFlow-Stream\PaperFlow-Stream\packaging\windows\..\..\dist\PaperFlowHub\_internal\numpy\random\_pcg64.cp311-win_amd64.pyd
   Compressing: D:\a\PaperFlow-Stream\PaperFlow-Stream\packaging\windows\..\..\dist\PaperFlowHub\_internal\numpy\random\_philox.cp311-win_amd64.pyd
   Compressing: D:\a\PaperFlow-Stream\PaperFlow-Stream\packaging\windows\..\..\dist\PaperFlowHub\_internal\numpy\random\_sfc64.cp311-win_amd64.pyd
   Compressing: D:\a\PaperFlow-Stream\PaperFlow-Stream\packaging\windows\..\..\dist\PaperFlowHub\_internal\numpy\_core\_multiarray_tests.cp311-win_amd64.pyd
   Compressing: D:\a\PaperFlow-Stream\PaperFlow-Stream\packaging\windows\..\..\dist\PaperFlowHub\_internal\numpy\_core\_multiarray_umath.cp311-win_amd64.pyd
   Compressing: D:\a\PaperFlow-Stream\PaperFlow-Stream\packaging\windows\..\..\dist\PaperFlowHub\_internal\numpy-2.2.6.dist-info\DELVEWHEEL
   Compressing: D:\a\PaperFlow-Stream\PaperFlow-Stream\packaging\windows\..\..\dist\PaperFlowHub\_internal\numpy-2.2.6.dist-info\entry_points.txt
   Compressing: D:\a\PaperFlow-Stream\PaperFlow-Stream\packaging\windows\..\..\dist\PaperFlowHub\_internal\numpy-2.2.6.dist-info\INSTALLER
   Compressing: D:\a\PaperFlow-Stream\PaperFlow-Stream\packaging\windows\..\..\dist\PaperFlowHub\_internal\numpy-2.2.6.dist-info\LICENSE.txt
   Compressing: D:\a\PaperFlow-Stream\PaperFlow-Stream\packaging\windows\..\..\dist\PaperFlowHub\_internal\numpy-2.2.6.dist-info\METADATA
   Compressing: D:\a\PaperFlow-Stream\PaperFlow-Stream\packaging\windows\..\..\dist\PaperFlowHub\_internal\numpy-2.2.6.dist-info\RECORD
   Compressing: D:\a\PaperFlow-Stream\PaperFlow-Stream\packaging\windows\..\..\dist\PaperFlowHub\_internal\numpy-2.2.6.dist-info\REQUESTED
   Compressing: D:\a\PaperFlow-Stream\PaperFlow-Stream\packaging\windows\..\..\dist\PaperFlowHub\_internal\numpy-2.2.6.dist-info\WHEEL
   Compressing: D:\a\PaperFlow-Stream\PaperFlow-Stream\packaging\windows\..\..\dist\PaperFlowHub\_internal\numpy.libs\libscipy_openblas64_-13e2df515630b4a41f92893938845698.dll
   Compressing: D:\a\PaperFlow-Stream\PaperFlow-Stream\packaging\windows\..\..\dist\PaperFlowHub\_internal\numpy.libs\msvcp140-263139962577ecda4cd9469ca360a746.dll
   Compressing: D:\a\PaperFlow-Stream\PaperFlow-Stream\packaging\windows\..\..\dist\PaperFlowHub\_internal\onnxruntime\LICENSE
   Compressing: D:\a\PaperFlow-Stream\PaperFlow-Stream\packaging\windows\..\..\dist\PaperFlowHub\_internal\onnxruntime\Privacy.md
   Compressing: D:\a\PaperFlow-Stream\PaperFlow-Stream\packaging\windows\..\..\dist\PaperFlowHub\_internal\onnxruntime\ThirdPartyNotices.txt
   Compressing: D:\a\PaperFlow-Stream\PaperFlow-Stream\packaging\windows\..\..\dist\PaperFlowHub\_internal\onnxruntime\__init__.py
   Compressing: D:\a\PaperFlow-Stream\PaperFlow-Stream\packaging\windows\..\..\dist\PaperFlowHub\_internal\onnxruntime\backend\backend.py
   Compressing: D:\a\PaperFlow-Stream\PaperFlow-Stream\packaging\windows\..\..\dist\PaperFlowHub\_internal\onnxruntime\backend\backend_rep.py
   Compressing: D:\a\PaperFlow-Stream\PaperFlow-Stream\packaging\windows\..\..\dist\PaperFlowHub\_internal\onnxruntime\backend\__init__.py
   Compressing: D:\a\PaperFlow-Stream\PaperFlow-Stream\packaging\windows\..\..\dist\PaperFlowHub\_internal\onnxruntime\capi\build_and_package_info.py
   Compressing: D:\a\PaperFlow-Stream\PaperFlow-Stream\packaging\windows\..\..\dist\PaperFlowHub\_internal\onnxruntime\capi\convert_npz_to_onnx_adapter.py
   Compressing: D:\a\PaperFlow-Stream\PaperFlow-Stream\packaging\windows\..\..\dist\PaperFlowHub\_internal\onnxruntime\capi\onnxruntime.dll
   Compressing: D:\a\PaperFlow-Stream\PaperFlow-Stream\packaging\windows\..\..\dist\PaperFlowHub\_internal\onnxruntime\capi\onnxruntime_collect_build_info.py
   Compressing: D:\a\PaperFlow-Stream\PaperFlow-Stream\packaging\windows\..\..\dist\PaperFlowHub\_internal\onnxruntime\capi\onnxruntime_inference_collection.py
   Compressing: D:\a\PaperFlow-Stream\PaperFlow-Stream\packaging\windows\..\..\dist\PaperFlowHub\_internal\onnxruntime\capi\onnxruntime_providers_shared.dll
   Compressing: D:\a\PaperFlow-Stream\PaperFlow-Stream\packaging\windows\..\..\dist\PaperFlowHub\_internal\onnxruntime\capi\onnxruntime_pybind11_state.pyd
   Compressing: D:\a\PaperFlow-Stream\PaperFlow-Stream\packaging\windows\..\..\dist\PaperFlowHub\_internal\onnxruntime\capi\onnxruntime_validation.py
   Compressing: D:\a\PaperFlow-Stream\PaperFlow-Stream\packaging\windows\..\..\dist\PaperFlowHub\_internal\onnxruntime\capi\version_info.py
   Compressing: D:\a\PaperFlow-Stream\PaperFlow-Stream\packaging\windows\..\..\dist\PaperFlowHub\_internal\onnxruntime\capi\_ld_preload.py
   Compressing: D:\a\PaperFlow-Stream\PaperFlow-Stream\packaging\windows\..\..\dist\PaperFlowHub\_internal\onnxruntime\capi\_pybind_state.py
   Compressing: D:\a\PaperFlow-Stream\PaperFlow-Stream\packaging\windows\..\..\dist\PaperFlowHub\_internal\onnxruntime\capi\__init__.py
   Compressing: D:\a\PaperFlow-Stream\PaperFlow-Stream\packaging\windows\..\..\dist\PaperFlowHub\_internal\onnxruntime\datasets\logreg_iris.onnx
   Compressing: D:\a\PaperFlow-Stream\PaperFlow-Stream\packaging\windows\..\..\dist\PaperFlowHub\_internal\onnxruntime\datasets\mul_1.onnx
   Compressing: D:\a\PaperFlow-Stream\PaperFlow-Stream\packaging\windows\..\..\dist\PaperFlowHub\_internal\onnxruntime\datasets\sigmoid.onnx
   Compressing: D:\a\PaperFlow-Stream\PaperFlow-Stream\packaging\windows\..\..\dist\PaperFlowHub\_internal\onnxruntime\datasets\__init__.py
   Compressing: D:\a\PaperFlow-Stream\PaperFlow-Stream\packaging\windows\..\..\dist\PaperFlowHub\_internal\onnxruntime\quantization\base_quantizer.py
   Compressing: D:\a\PaperFlow-Stream\PaperFlow-Stream\packaging\windows\..\..\dist\PaperFlowHub\_internal\onnxruntime\quantization\calibrate.py
   Compressing: D:\a\PaperFlow-Stream\PaperFlow-Stream\packaging\windows\..\..\dist\PaperFlowHub\_internal\onnxruntime\quantization\cuda_quantizer.py
   Compressing: D:\a\PaperFlow-Stream\PaperFlow-Stream\packaging\windows\..\..\dist\PaperFlowHub\_internal\onnxruntime\quantization\matmul_bnb4_quantizer.py
   Compressing: D:\a\PaperFlow-Stream\PaperFlow-Stream\packaging\windows\..\..\dist\PaperFlowHub\_internal\onnxruntime\quantization\matmul_nbits_quantizer.py
   Compressing: D:\a\PaperFlow-Stream\PaperFlow-Stream\packaging\windows\..\..\dist\PaperFlowHub\_internal\onnxruntime\quantization\onnx_model.py
   Compressing: D:\a\PaperFlow-Stream\PaperFlow-Stream\packaging\windows\..\..\dist\PaperFlowHub\_internal\onnxruntime\quantization\onnx_quantizer.py
   Compressing: D:\a\PaperFlow-Stream\PaperFlow-Stream\packaging\windows\..\..\dist\PaperFlowHub\_internal\onnxruntime\quantization\preprocess.py
   Compressing: D:\a\PaperFlow-Stream\PaperFlow-Stream\packaging\windows\..\..\dist\PaperFlowHub\_internal\onnxruntime\quantization\qdq_loss_debug.py
   Compressing: D:\a\PaperFlow-Stream\PaperFlow-Stream\packaging\windows\..\..\dist\PaperFlowHub\_internal\onnxruntime\quantization\qdq_quantizer.py
   Compressing: D:\a\PaperFlow-Stream\PaperFlow-Stream\packaging\windows\..\..\dist\PaperFlowHub\_internal\onnxruntime\quantization\quantize.py
   Compressing: D:\a\PaperFlow-Stream\PaperFlow-Stream\packaging\windows\..\..\dist\PaperFlowHub\_internal\onnxruntime\quantization\quant_utils.py
   Compressing: D:\a\PaperFlow-Stream\PaperFlow-Stream\packaging\windows\..\..\dist\PaperFlowHub\_internal\onnxruntime\quantization\registry.py
   Compressing: D:\a\PaperFlow-Stream\PaperFlow-Stream\packaging\windows\..\..\dist\PaperFlowHub\_internal\onnxruntime\quantization\shape_inference.py
   Compressing: D:\a\PaperFlow-Stream\PaperFlow-Stream\packaging\windows\..\..\dist\PaperFlowHub\_internal\onnxruntime\quantization\static_quantize_runner.py
   Compressing: D:\a\PaperFlow-Stream\PaperFlow-Stream\packaging\windows\..\..\dist\PaperFlowHub\_internal\onnxruntime\quantization\tensor_quant_overrides.py
   Compressing: D:\a\PaperFlow-Stream\PaperFlow-Stream\packaging\windows\..\..\dist\PaperFlowHub\_internal\onnxruntime\quantization\__init__.py
   Compressing: D:\a\PaperFlow-Stream\PaperFlow-Stream\packaging\windows\..\..\dist\PaperFlowHub\_internal\onnxruntime\quantization\CalTableFlatBuffers\KeyValue.py
   Compressing: D:\a\PaperFlow-Stream\PaperFlow-Stream\packaging\windows\..\..\dist\PaperFlowHub\_internal\onnxruntime\quantization\CalTableFlatBuffers\TrtTable.py
   Compressing: D:\a\PaperFlow-Stream\PaperFlow-Stream\packaging\windows\..\..\dist\PaperFlowHub\_internal\onnxruntime\quantization\CalTableFlatBuffers\__init__.py
   Compressing: D:\a\PaperFlow-Stream\PaperFlow-Stream\packaging\windows\..\..\dist\PaperFlowHub\_internal\onnxruntime\quantization\execution_providers\qnn\fusion_lpnorm.py
   Compressing: D:\a\PaperFlow-Stream\PaperFlow-Stream\packaging\windows\..\..\dist\PaperFlowHub\_internal\onnxruntime\quantization\execution_providers\qnn\fusion_spacetodepth.py
   Compressing: D:\a\PaperFlow-Stream\PaperFlow-Stream\packaging\windows\..\..\dist\PaperFlowHub\_internal\onnxruntime\quantization\execution_providers\qnn\mixed_precision_overrides_utils.py
   Compressing: D:\a\PaperFlow-Stream\PaperFlow-Stream\packaging\windows\..\..\dist\PaperFlowHub\_internal\onnxruntime\quantization\execution_providers\qnn\preprocess.py
   Compressing: D:\a\PaperFlow-Stream\PaperFlow-Stream\packaging\windows\..\..\dist\PaperFlowHub\_internal\onnxruntime\quantization\execution_providers\qnn\quant_config.py
   Compressing: D:\a\PaperFlow-Stream\PaperFlow-Stream\packaging\windows\..\..\dist\PaperFlowHub\_internal\onnxruntime\quantization\execution_providers\qnn\__init__.py
   Compressing: D:\a\PaperFlow-Stream\PaperFlow-Stream\packaging\windows\..\..\dist\PaperFlowHub\_internal\onnxruntime\quantization\fusions\fusion.py
   Compressing: D:\a\PaperFlow-Stream\PaperFlow-Stream\packaging\windows\..\..\dist\PaperFlowHub\_internal\onnxruntime\quantization\fusions\fusion_gelu.py
   Compressing: D:\a\PaperFlow-Stream\PaperFlow-Stream\packaging\windows\..\..\dist\PaperFlowHub\_internal\onnxruntime\quantization\fusions\fusion_layernorm.py
   Compressing: D:\a\PaperFlow-Stream\PaperFlow-Stream\packaging\windows\..\..\dist\PaperFlowHub\_internal\onnxruntime\quantization\fusions\replace_upsample_with_resize.py
   Compressing: D:\a\PaperFlow-Stream\PaperFlow-Stream\packaging\windows\..\..\dist\PaperFlowHub\_internal\onnxruntime\quantization\fusions\__init__.py
   Compressing: D:\a\PaperFlow-Stream\PaperFlow-Stream\packaging\windows\..\..\dist\PaperFlowHub\_internal\onnxruntime\quantization\neural_compressor\onnx_model.py
   Compressing: D:\a\PaperFlow-Stream\PaperFlow-Stream\packaging\windows\..\..\dist\PaperFlowHub\_internal\onnxruntime\quantization\neural_compressor\util.py
   Compressing: D:\a\PaperFlow-Stream\PaperFlow-Stream\packaging\windows\..\..\dist\PaperFlowHub\_internal\onnxruntime\quantization\neural_compressor\weight_only.py
   Compressing: D:\a\PaperFlow-Stream\PaperFlow-Stream\packaging\windows\..\..\dist\PaperFlowHub\_internal\onnxruntime\quantization\neural_compressor\__init__.py
   Compressing: D:\a\PaperFlow-Stream\PaperFlow-Stream\packaging\windows\..\..\dist\PaperFlowHub\_internal\onnxruntime\quantization\operators\activation.py
   Compressing: D:\a\PaperFlow-Stream\PaperFlow-Stream\packaging\windows\..\..\dist\PaperFlowHub\_internal\onnxruntime\quantization\operators\argmax.py
   Compressing: D:\a\PaperFlow-Stream\PaperFlow-Stream\packaging\windows\..\..\dist\PaperFlowHub\_internal\onnxruntime\quantization\operators\attention.py
   Compressing: D:\a\PaperFlow-Stream\PaperFlow-Stream\packaging\windows\..\..\dist\PaperFlowHub\_internal\onnxruntime\quantization\operators\base_operator.py
   Compressing: D:\a\PaperFlow-Stream\PaperFlow-Stream\packaging\windows\..\..\dist\PaperFlowHub\_internal\onnxruntime\quantization\operators\binary_op.py
   Compressing: D:\a\PaperFlow-Stream\PaperFlow-Stream\packaging\windows\..\..\dist\PaperFlowHub\_internal\onnxruntime\quantization\operators\concat.py
   Compressing: D:\a\PaperFlow-Stream\PaperFlow-Stream\packaging\windows\..\..\dist\PaperFlowHub\_internal\onnxruntime\quantization\operators\conv.py
   Compressing: D:\a\PaperFlow-Stream\PaperFlow-Stream\packaging\windows\..\..\dist\PaperFlowHub\_internal\onnxruntime\quantization\operators\direct_q8.py
   Compressing: D:\a\PaperFlow-Stream\PaperFlow-Stream\packaging\windows\..\..\dist\PaperFlowHub\_internal\onnxruntime\quantization\operators\embed_layernorm.py
   Compressing: D:\a\PaperFlow-Stream\PaperFlow-Stream\packaging\windows\..\..\dist\PaperFlowHub\_internal\onnxruntime\quantization\operators\gather.py
   Compressing: D:\a\PaperFlow-Stream\PaperFlow-Stream\packaging\windows\..\..\dist\PaperFlowHub\_internal\onnxruntime\quantization\operators\gavgpool.py
   Compressing: D:\a\PaperFlow-Stream\PaperFlow-Stream\packaging\windows\..\..\dist\PaperFlowHub\_internal\onnxruntime\quantization\operators\gemm.py
   Compressing: D:\a\PaperFlow-Stream\PaperFlow-Stream\packaging\windows\..\..\dist\PaperFlowHub\_internal\onnxruntime\quantization\operators\lstm.py
   Compressing: D:\a\PaperFlow-Stream\PaperFlow-Stream\packaging\windows\..\..\dist\PaperFlowHub\_internal\onnxruntime\quantization\operators\matmul.py
   Compressing: D:\a\PaperFlow-Stream\PaperFlow-Stream\packaging\windows\..\..\dist\PaperFlowHub\_internal\onnxruntime\quantization\operators\maxpool.py
   Compressing: D:\a\PaperFlow-Stream\PaperFlow-Stream\packaging\windows\..\..\dist\PaperFlowHub\_internal\onnxruntime\quantization\operators\norm.py
   Compressing: D:\a\PaperFlow-Stream\PaperFlow-Stream\packaging\windows\..\..\dist\PaperFlowHub\_internal\onnxruntime\quantization\operators\pad.py
   Compressing: D:\a\PaperFlow-Stream\PaperFlow-Stream\packaging\windows\..\..\dist\PaperFlowHub\_internal\onnxruntime\quantization\operators\pooling.py
   Compressing: D:\a\PaperFlow-Stream\PaperFlow-Stream\packaging\windows\..\..\dist\PaperFlowHub\_internal\onnxruntime\quantization\operators\qdq_base_operator.py
   Compressing: D:\a\PaperFlow-Stream\PaperFlow-Stream\packaging\windows\..\..\dist\PaperFlowHub\_internal\onnxruntime\quantization\operators\resize.py
   Compressing: D:\a\PaperFlow-Stream\PaperFlow-Stream\packaging\windows\..\..\dist\PaperFlowHub\_internal\onnxruntime\quantization\operators\softmax.py
   Compressing: D:\a\PaperFlow-Stream\PaperFlow-Stream\packaging\windows\..\..\dist\PaperFlowHub\_internal\onnxruntime\quantization\operators\split.py
   Compressing: D:\a\PaperFlow-Stream\PaperFlow-Stream\packaging\windows\..\..\dist\PaperFlowHub\_internal\onnxruntime\quantization\operators\where.py
   Compressing: D:\a\PaperFlow-Stream\PaperFlow-Stream\packaging\windows\..\..\dist\PaperFlowHub\_internal\onnxruntime\quantization\operators\__init__.py
   Compressing: D:\a\PaperFlow-Stream\PaperFlow-Stream\packaging\windows\..\..\dist\PaperFlowHub\_internal\onnxruntime\tools\check_onnx_model_mobile_usability.py
   Compressing: D:\a\PaperFlow-Stream\PaperFlow-Stream\packaging\windows\..\..\dist\PaperFlowHub\_internal\onnxruntime\tools\convert_onnx_models_to_ort.py
   Compressing: D:\a\PaperFlow-Stream\PaperFlow-Stream\packaging\windows\..\..\dist\PaperFlowHub\_internal\onnxruntime\tools\file_utils.py
   Compressing: D:\a\PaperFlow-Stream\PaperFlow-Stream\packaging\windows\..\..\dist\PaperFlowHub\_internal\onnxruntime\tools\logger.py
   Compressing: D:\a\PaperFlow-Stream\PaperFlow-Stream\packaging\windows\..\..\dist\PaperFlowHub\_internal\onnxruntime\tools\make_dynamic_shape_fixed.py
   Compressing: D:\a\PaperFlow-Stream\PaperFlow-Stream\packaging\windows\..\..\dist\PaperFlowHub\_internal\onnxruntime\tools\offline_tuning.py
   Compressing: D:\a\PaperFlow-Stream\PaperFlow-Stream\packaging\windows\..\..\dist\PaperFlowHub\_internal\onnxruntime\tools\onnxruntime_test.py
   Compressing: D:\a\PaperFlow-Stream\PaperFlow-Stream\packaging\windows\..\..\dist\PaperFlowHub\_internal\onnxruntime\tools\onnx_model_utils.py
   Compressing: D:\a\PaperFlow-Stream\PaperFlow-Stream\packaging\windows\..\..\dist\PaperFlowHub\_internal\onnxruntime\tools\onnx_randomizer.py
   Compressing: D:\a\PaperFlow-Stream\PaperFlow-Stream\packaging\windows\..\..\dist\PaperFlowHub\_internal\onnxruntime\tools\optimize_onnx_model.py
   Compressing: D:\a\PaperFlow-Stream\PaperFlow-Stream\packaging\windows\..\..\dist\PaperFlowHub\_internal\onnxruntime\tools\pytorch_export_contrib_ops.py
   Compressing: D:\a\PaperFlow-Stream\PaperFlow-Stream\packaging\windows\..\..\dist\PaperFlowHub\_internal\onnxruntime\tools\pytorch_export_helpers.py
   Compressing: D:\a\PaperFlow-Stream\PaperFlow-Stream\packaging\windows\..\..\dist\PaperFlowHub\_internal\onnxruntime\tools\reduced_build_config_parser.py
   Compressing: D:\a\PaperFlow-Stream\PaperFlow-Stream\packaging\windows\..\..\dist\PaperFlowHub\_internal\onnxruntime\tools\remove_initializer_from_input.py
   Compressing: D:\a\PaperFlow-Stream\PaperFlow-Stream\packaging\windows\..\..\dist\PaperFlowHub\_internal\onnxruntime\tools\symbolic_shape_infer.py
   Compressing: D:\a\PaperFlow-Stream\PaperFlow-Stream\packaging\windows\..\..\dist\PaperFlowHub\_internal\onnxruntime\tools\update_onnx_opset.py
   Compressing: D:\a\PaperFlow-Stream\PaperFlow-Stream\packaging\windows\..\..\dist\PaperFlowHub\_internal\onnxruntime\tools\__init__.py
   Compressing: D:\a\PaperFlow-Stream\PaperFlow-Stream\packaging\windows\..\..\dist\PaperFlowHub\_internal\onnxruntime\tools\mobile_helpers\coreml_supported_mlprogram_ops.md
   Compressing: D:\a\PaperFlow-Stream\PaperFlow-Stream\packaging\windows\..\..\dist\PaperFlowHub\_internal\onnxruntime\tools\mobile_helpers\coreml_supported_neuralnetwork_ops.md
   Compressing: D:\a\PaperFlow-Stream\PaperFlow-Stream\packaging\windows\..\..\dist\PaperFlowHub\_internal\onnxruntime\tools\mobile_helpers\nnapi_supported_ops.md
   Compressing: D:\a\PaperFlow-Stream\PaperFlow-Stream\packaging\windows\..\..\dist\PaperFlowHub\_internal\onnxruntime\tools\mobile_helpers\usability_checker.py
   Compressing: D:\a\PaperFlow-Stream\PaperFlow-Stream\packaging\windows\..\..\dist\PaperFlowHub\_internal\onnxruntime\tools\mobile_helpers\__init__.py
   Compressing: D:\a\PaperFlow-Stream\PaperFlow-Stream\packaging\windows\..\..\dist\PaperFlowHub\_internal\onnxruntime\tools\ort_format_model\operator_type_usage_processors.py
   Compressing: D:\a\PaperFlow-Stream\PaperFlow-Stream\packaging\windows\..\..\dist\PaperFlowHub\_internal\onnxruntime\tools\ort_format_model\ort_model_processor.py
   Compressing: D:\a\PaperFlow-Stream\PaperFlow-Stream\packaging\windows\..\..\dist\PaperFlowHub\_internal\onnxruntime\tools\ort_format_model\types.py
   Compressing: D:\a\PaperFlow-Stream\PaperFlow-Stream\packaging\windows\..\..\dist\PaperFlowHub\_internal\onnxruntime\tools\ort_format_model\utils.py
   Compressing: D:\a\PaperFlow-Stream\PaperFlow-Stream\packaging\windows\..\..\dist\PaperFlowHub\_internal\onnxruntime\tools\ort_format_model\__init__.py
   Compressing: D:\a\PaperFlow-Stream\PaperFlow-Stream\packaging\windows\..\..\dist\PaperFlowHub\_internal\onnxruntime\tools\ort_format_model\ort_flatbuffers_py\__init__.py
   Compressing: D:\a\PaperFlow-Stream\PaperFlow-Stream\packaging\windows\..\..\dist\PaperFlowHub\_internal\onnxruntime\tools\ort_format_model\ort_flatbuffers_py\fbs\ArgType.py
   Compressing: D:\a\PaperFlow-Stream\PaperFlow-Stream\packaging\windows\..\..\dist\PaperFlowHub\_internal\onnxruntime\tools\ort_format_model\ort_flatbuffers_py\fbs\ArgTypeAndIndex.py
   Compressing: D:\a\PaperFlow-Stream\PaperFlow-Stream\packaging\windows\..\..\dist\PaperFlowHub\_internal\onnxruntime\tools\ort_format_model\ort_flatbuffers_py\fbs\Attribute.py
   Compressing: D:\a\PaperFlow-Stream\PaperFlow-Stream\packaging\windows\..\..\dist\PaperFlowHub\_internal\onnxruntime\tools\ort_format_model\ort_flatbuffers_py\fbs\AttributeType.py
   Compressing: D:\a\PaperFlow-Stream\PaperFlow-Stream\packaging\windows\..\..\dist\PaperFlowHub\_internal\onnxruntime\tools\ort_format_model\ort_flatbuffers_py\fbs\Checkpoint.py
   Compressing: D:\a\PaperFlow-Stream\PaperFlow-Stream\packaging\windows\..\..\dist\PaperFlowHub\_internal\onnxruntime\tools\ort_format_model\ort_flatbuffers_py\fbs\DeprecatedKernelCreateInfos.py
   Compressing: D:\a\PaperFlow-Stream\PaperFlow-Stream\packaging\windows\..\..\dist\PaperFlowHub\_internal\onnxruntime\tools\ort_format_model\ort_flatbuffers_py\fbs\DeprecatedNodeIndexAndKernelDefHash.py
   Compressing: D:\a\PaperFlow-Stream\PaperFlow-Stream\packaging\windows\..\..\dist\PaperFlowHub\_internal\onnxruntime\tools\ort_format_model\ort_flatbuffers_py\fbs\DeprecatedSessionState.py
   Compressing: D:\a\PaperFlow-Stream\PaperFlow-Stream\packaging\windows\..\..\dist\PaperFlowHub\_internal\onnxruntime\tools\ort_format_model\ort_flatbuffers_py\fbs\DeprecatedSubGraphSessionState.py
   Compressing: D:\a\PaperFlow-Stream\PaperFlow-Stream\packaging\windows\..\..\dist\PaperFlowHub\_internal\onnxruntime\tools\ort_format_model\ort_flatbuffers_py\fbs\Dimension.py
   Compressing: D:\a\PaperFlow-Stream\PaperFlow-Stream\packaging\windows\..\..\dist\PaperFlowHub\_internal\onnxruntime\tools\ort_format_model\ort_flatbuffers_py\fbs\DimensionValue.py
   Compressing: D:\a\PaperFlow-Stream\PaperFlow-Stream\packaging\windows\..\..\dist\PaperFlowHub\_internal\onnxruntime\tools\ort_format_model\ort_flatbuffers_py\fbs\DimensionValueType.py
   Compressing: D:\a\PaperFlow-Stream\PaperFlow-Stream\packaging\windows\..\..\dist\PaperFlowHub\_internal\onnxruntime\tools\ort_format_model\ort_flatbuffers_py\fbs\EdgeEnd.py
   Compressing: D:\a\PaperFlow-Stream\PaperFlow-Stream\packaging\windows\..\..\dist\PaperFlowHub\_internal\onnxruntime\tools\ort_format_model\ort_flatbuffers_py\fbs\FloatProperty.py
   Compressing: D:\a\PaperFlow-Stream\PaperFlow-Stream\packaging\windows\..\..\dist\PaperFlowHub\_internal\onnxruntime\tools\ort_format_model\ort_flatbuffers_py\fbs\Graph.py
   Compressing: D:\a\PaperFlow-Stream\PaperFlow-Stream\packaging\windows\..\..\dist\PaperFlowHub\_internal\onnxruntime\tools\ort_format_model\ort_flatbuffers_py\fbs\InferenceSession.py
   Compressing: D:\a\PaperFlow-Stream\PaperFlow-Stream\packaging\windows\..\..\dist\PaperFlowHub\_internal\onnxruntime\tools\ort_format_model\ort_flatbuffers_py\fbs\IntProperty.py
   Compressing: D:\a\PaperFlow-Stream\PaperFlow-Stream\packaging\windows\..\..\dist\PaperFlowHub\_internal\onnxruntime\tools\ort_format_model\ort_flatbuffers_py\fbs\KernelTypeStrArgsEntry.py
   Compressing: D:\a\PaperFlow-Stream\PaperFlow-Stream\packaging\windows\..\..\dist\PaperFlowHub\_internal\onnxruntime\tools\ort_format_model\ort_flatbuffers_py\fbs\KernelTypeStrResolver.py
   Compressing: D:\a\PaperFlow-Stream\PaperFlow-Stream\packaging\windows\..\..\dist\PaperFlowHub\_internal\onnxruntime\tools\ort_format_model\ort_flatbuffers_py\fbs\MapType.py
   Compressing: D:\a\PaperFlow-Stream\PaperFlow-Stream\packaging\windows\..\..\dist\PaperFlowHub\_internal\onnxruntime\tools\ort_format_model\ort_flatbuffers_py\fbs\Model.py
   Compressing: D:\a\PaperFlow-Stream\PaperFlow-Stream\packaging\windows\..\..\dist\PaperFlowHub\_internal\onnxruntime\tools\ort_format_model\ort_flatbuffers_py\fbs\ModuleState.py
   Compressing: D:\a\PaperFlow-Stream\PaperFlow-Stream\packaging\windows\..\..\dist\PaperFlowHub\_internal\onnxruntime\tools\ort_format_model\ort_flatbuffers_py\fbs\Node.py
   Compressing: D:\a\PaperFlow-Stream\PaperFlow-Stream\packaging\windows\..\..\dist\PaperFlowHub\_internal\onnxruntime\tools\ort_format_model\ort_flatbuffers_py\fbs\NodeEdge.py
   Compressing: D:\a\PaperFlow-Stream\PaperFlow-Stream\packaging\windows\..\..\dist\PaperFlowHub\_internal\onnxruntime\tools\ort_format_model\ort_flatbuffers_py\fbs\NodesToOptimizeIndices.py
   Compressing: D:\a\PaperFlow-Stream\PaperFlow-Stream\packaging\windows\..\..\dist\PaperFlowHub\_internal\onnxruntime\tools\ort_format_model\ort_flatbuffers_py\fbs\NodeType.py
   Compressing: D:\a\PaperFlow-Stream\PaperFlow-Stream\packaging\windows\..\..\dist\PaperFlowHub\_internal\onnxruntime\tools\ort_format_model\ort_flatbuffers_py\fbs\OperatorSetId.py
   Compressing: D:\a\PaperFlow-Stream\PaperFlow-Stream\packaging\windows\..\..\dist\PaperFlowHub\_internal\onnxruntime\tools\ort_format_model\ort_flatbuffers_py\fbs\OpIdKernelTypeStrArgsEntry.py
   Compressing: D:\a\PaperFlow-Stream\PaperFlow-Stream\packaging\windows\..\..\dist\PaperFlowHub\_internal\onnxruntime\tools\ort_format_model\ort_flatbuffers_py\fbs\OptimizerGroup.py
   Compressing: D:\a\PaperFlow-Stream\PaperFlow-Stream\packaging\windows\..\..\dist\PaperFlowHub\_internal\onnxruntime\tools\ort_format_model\ort_flatbuffers_py\fbs\ParameterOptimizerState.py
   Compressing: D:\a\PaperFlow-Stream\PaperFlow-Stream\packaging\windows\..\..\dist\PaperFlowHub\_internal\onnxruntime\tools\ort_format_model\ort_flatbuffers_py\fbs\PropertyBag.py
   Compressing: D:\a\PaperFlow-Stream\PaperFlow-Stream\packaging\windows\..\..\dist\PaperFlowHub\_internal\onnxruntime\tools\ort_format_model\ort_flatbuffers_py\fbs\RuntimeOptimizationRecord.py
   Compressing: D:\a\PaperFlow-Stream\PaperFlow-Stream\packaging\windows\..\..\dist\PaperFlowHub\_internal\onnxruntime\tools\ort_format_model\ort_flatbuffers_py\fbs\RuntimeOptimizationRecordContainerEntry.py
   Compressing: D:\a\PaperFlow-Stream\PaperFlow-Stream\packaging\windows\..\..\dist\PaperFlowHub\_internal\onnxruntime\tools\ort_format_model\ort_flatbuffers_py\fbs\RuntimeOptimizations.py
   Compressing: D:\a\PaperFlow-Stream\PaperFlow-Stream\packaging\windows\..\..\dist\PaperFlowHub\_internal\onnxruntime\tools\ort_format_model\ort_flatbuffers_py\fbs\SequenceType.py
   Compressing: D:\a\PaperFlow-Stream\PaperFlow-Stream\packaging\windows\..\..\dist\PaperFlowHub\_internal\onnxruntime\tools\ort_format_model\ort_flatbuffers_py\fbs\Shape.py
   Compressing: D:\a\PaperFlow-Stream\PaperFlow-Stream\packaging\windows\..\..\dist\PaperFlowHub\_internal\onnxruntime\tools\ort_format_model\ort_flatbuffers_py\fbs\SparseTensor.py
   Compressing: D:\a\PaperFlow-Stream\PaperFlow-Stream\packaging\windows\..\..\dist\PaperFlowHub\_internal\onnxruntime\tools\ort_format_model\ort_flatbuffers_py\fbs\StringProperty.py
   Compressing: D:\a\PaperFlow-Stream\PaperFlow-Stream\packaging\windows\..\..\dist\PaperFlowHub\_internal\onnxruntime\tools\ort_format_model\ort_flatbuffers_py\fbs\StringStringEntry.py
   Compressing: D:\a\PaperFlow-Stream\PaperFlow-Stream\packaging\windows\..\..\dist\PaperFlowHub\_internal\onnxruntime\tools\ort_format_model\ort_flatbuffers_py\fbs\Tensor.py
   Compressing: D:\a\PaperFlow-Stream\PaperFlow-Stream\packaging\windows\..\..\dist\PaperFlowHub\_internal\onnxruntime\tools\ort_format_model\ort_flatbuffers_py\fbs\TensorDataType.py
   Compressing: D:\a\PaperFlow-Stream\PaperFlow-Stream\packaging\windows\..\..\dist\PaperFlowHub\_internal\onnxruntime\tools\ort_format_model\ort_flatbuffers_py\fbs\TensorTypeAndShape.py
   Compressing: D:\a\PaperFlow-Stream\PaperFlow-Stream\packaging\windows\..\..\dist\PaperFlowHub\_internal\onnxruntime\tools\ort_format_model\ort_flatbuffers_py\fbs\TypeInfo.py
   Compressing: D:\a\PaperFlow-Stream\PaperFlow-Stream\packaging\windows\..\..\dist\PaperFlowHub\_internal\onnxruntime\tools\ort_format_model\ort_flatbuffers_py\fbs\TypeInfoValue.py
   Compressing: D:\a\PaperFlow-Stream\PaperFlow-Stream\packaging\windows\..\..\dist\PaperFlowHub\_internal\onnxruntime\tools\ort_format_model\ort_flatbuffers_py\fbs\ValueInfo.py
   Compressing: D:\a\PaperFlow-Stream\PaperFlow-Stream\packaging\windows\..\..\dist\PaperFlowHub\_internal\onnxruntime\tools\ort_format_model\ort_flatbuffers_py\fbs\__init__.py
   Compressing: D:\a\PaperFlow-Stream\PaperFlow-Stream\packaging\windows\..\..\dist\PaperFlowHub\_internal\onnxruntime\tools\qdq_helpers\optimize_qdq_model.py
   Compressing: D:\a\PaperFlow-Stream\PaperFlow-Stream\packaging\windows\..\..\dist\PaperFlowHub\_internal\onnxruntime\tools\qdq_helpers\__init__.py
   Compressing: D:\a\PaperFlow-Stream\PaperFlow-Stream\packaging\windows\..\..\dist\PaperFlowHub\_internal\onnxruntime\tools\qnn\add_trans_cast.py
   Compressing: D:\a\PaperFlow-Stream\PaperFlow-Stream\packaging\windows\..\..\dist\PaperFlowHub\_internal\onnxruntime\tools\qnn\gen_qnn_ctx_onnx_model.py
   Compressing: D:\a\PaperFlow-Stream\PaperFlow-Stream\packaging\windows\..\..\dist\PaperFlowHub\_internal\onnxruntime\tools\qnn\preprocess.py
   Compressing: D:\a\PaperFlow-Stream\PaperFlow-Stream\packaging\windows\..\..\dist\PaperFlowHub\_internal\onnxruntime\transformers\affinity_helper.py
   Compressing: D:\a\PaperFlow-Stream\PaperFlow-Stream\packaging\windows\..\..\dist\PaperFlowHub\_internal\onnxruntime\transformers\benchmark.py
   Compressing: D:\a\PaperFlow-Stream\PaperFlow-Stream\packaging\windows\..\..\dist\PaperFlowHub\_internal\onnxruntime\transformers\benchmark_helper.py
   Compressing: D:\a\PaperFlow-Stream\PaperFlow-Stream\packaging\windows\..\..\dist\PaperFlowHub\_internal\onnxruntime\transformers\bert_perf_test.py
   Compressing: D:\a\PaperFlow-Stream\PaperFlow-Stream\packaging\windows\..\..\dist\PaperFlowHub\_internal\onnxruntime\transformers\bert_test_data.py
   Compressing: D:\a\PaperFlow-Stream\PaperFlow-Stream\packaging\windows\..\..\dist\PaperFlowHub\_internal\onnxruntime\transformers\compare_bert_results.py
   Compressing: D:\a\PaperFlow-Stream\PaperFlow-Stream\packaging\windows\..\..\dist\PaperFlowHub\_internal\onnxruntime\transformers\constants.py
   Compressing: D:\a\PaperFlow-Stream\PaperFlow-Stream\packaging\windows\..\..\dist\PaperFlowHub\_internal\onnxruntime\transformers\convert_generation.py
   Compressing: D:\a\PaperFlow-Stream\PaperFlow-Stream\packaging\windows\..\..\dist\PaperFlowHub\_internal\onnxruntime\transformers\convert_tf_models_to_pytorch.py
   Compressing: D:\a\PaperFlow-Stream\PaperFlow-Stream\packaging\windows\..\..\dist\PaperFlowHub\_internal\onnxruntime\transformers\convert_to_packing_mode.py
   Compressing: D:\a\PaperFlow-Stream\PaperFlow-Stream\packaging\windows\..\..\dist\PaperFlowHub\_internal\onnxruntime\transformers\dynamo_onnx_helper.py
   Compressing: D:\a\PaperFlow-Stream\PaperFlow-Stream\packaging\windows\..\..\dist\PaperFlowHub\_internal\onnxruntime\transformers\float16.py
   Compressing: D:\a\PaperFlow-Stream\PaperFlow-Stream\packaging\windows\..\..\dist\PaperFlowHub\_internal\onnxruntime\transformers\fusion_attention.py
   Compressing: D:\a\PaperFlow-Stream\PaperFlow-Stream\packaging\windows\..\..\dist\PaperFlowHub\_internal\onnxruntime\transformers\fusion_attention_clip.py
   Compressing: D:\a\PaperFlow-Stream\PaperFlow-Stream\packaging\windows\..\..\dist\PaperFlowHub\_internal\onnxruntime\transformers\fusion_attention_sam2.py
   Compressing: D:\a\PaperFlow-Stream\PaperFlow-Stream\packaging\windows\..\..\dist\PaperFlowHub\_internal\onnxruntime\transformers\fusion_attention_unet.py
   Compressing: D:\a\PaperFlow-Stream\PaperFlow-Stream\packaging\windows\..\..\dist\PaperFlowHub\_internal\onnxruntime\transformers\fusion_attention_vae.py
   Compressing: D:\a\PaperFlow-Stream\PaperFlow-Stream\packaging\windows\..\..\dist\PaperFlowHub\_internal\onnxruntime\transformers\fusion_bart_attention.py
   Compressing: D:\a\PaperFlow-Stream\PaperFlow-Stream\packaging\windows\..\..\dist\PaperFlowHub\_internal\onnxruntime\transformers\fusion_base.py
   Compressing: D:\a\PaperFlow-Stream\PaperFlow-Stream\packaging\windows\..\..\dist\PaperFlowHub\_internal\onnxruntime\transformers\fusion_biasgelu.py
   Compressing: D:\a\PaperFlow-Stream\PaperFlow-Stream\packaging\windows\..\..\dist\PaperFlowHub\_internal\onnxruntime\transformers\fusion_biassplitgelu.py
   Compressing: D:\a\PaperFlow-Stream\PaperFlow-Stream\packaging\windows\..\..\dist\PaperFlowHub\_internal\onnxruntime\transformers\fusion_bias_add.py
   Compressing: D:\a\PaperFlow-Stream\PaperFlow-Stream\packaging\windows\..\..\dist\PaperFlowHub\_internal\onnxruntime\transformers\fusion_conformer_attention.py
   Compressing: D:\a\PaperFlow-Stream\PaperFlow-Stream\packaging\windows\..\..\dist\PaperFlowHub\_internal\onnxruntime\transformers\fusion_constant_fold.py
   Compressing: D:\a\PaperFlow-Stream\PaperFlow-Stream\packaging\windows\..\..\dist\PaperFlowHub\_internal\onnxruntime\transformers\fusion_embedlayer.py
   Compressing: D:\a\PaperFlow-Stream\PaperFlow-Stream\packaging\windows\..\..\dist\PaperFlowHub\_internal\onnxruntime\transformers\fusion_fastgelu.py
   Compressing: D:\a\PaperFlow-Stream\PaperFlow-Stream\packaging\windows\..\..\dist\PaperFlowHub\_internal\onnxruntime\transformers\fusion_gelu.py
   Compressing: D:\a\PaperFlow-Stream\PaperFlow-Stream\packaging\windows\..\..\dist\PaperFlowHub\_internal\onnxruntime\transformers\fusion_gelu_approximation.py
   Compressing: D:\a\PaperFlow-Stream\PaperFlow-Stream\packaging\windows\..\..\dist\PaperFlowHub\_internal\onnxruntime\transformers\fusion_gemmfastgelu.py
   Compressing: D:\a\PaperFlow-Stream\PaperFlow-Stream\packaging\windows\..\..\dist\PaperFlowHub\_internal\onnxruntime\transformers\fusion_gpt_attention.py
   Compressing: D:\a\PaperFlow-Stream\PaperFlow-Stream\packaging\windows\..\..\dist\PaperFlowHub\_internal\onnxruntime\transformers\fusion_gpt_attention_megatron.py
   Compressing: D:\a\PaperFlow-Stream\PaperFlow-Stream\packaging\windows\..\..\dist\PaperFlowHub\_internal\onnxruntime\transformers\fusion_gpt_attention_no_past.py
   Compressing: D:\a\PaperFlow-Stream\PaperFlow-Stream\packaging\windows\..\..\dist\PaperFlowHub\_internal\onnxruntime\transformers\fusion_group_norm.py
   Compressing: D:\a\PaperFlow-Stream\PaperFlow-Stream\packaging\windows\..\..\dist\PaperFlowHub\_internal\onnxruntime\transformers\fusion_layernorm.py
   Compressing: D:\a\PaperFlow-Stream\PaperFlow-Stream\packaging\windows\..\..\dist\PaperFlowHub\_internal\onnxruntime\transformers\fusion_mha_dit.py
   Compressing: D:\a\PaperFlow-Stream\PaperFlow-Stream\packaging\windows\..\..\dist\PaperFlowHub\_internal\onnxruntime\transformers\fusion_mha_mmdit.py
   Compressing: D:\a\PaperFlow-Stream\PaperFlow-Stream\packaging\windows\..\..\dist\PaperFlowHub\_internal\onnxruntime\transformers\fusion_nhwc_conv.py
   Compressing: D:\a\PaperFlow-Stream\PaperFlow-Stream\packaging\windows\..\..\dist\PaperFlowHub\_internal\onnxruntime\transformers\fusion_options.py
   Compressing: D:\a\PaperFlow-Stream\PaperFlow-Stream\packaging\windows\..\..\dist\PaperFlowHub\_internal\onnxruntime\transformers\fusion_qordered_attention.py
   Compressing: D:\a\PaperFlow-Stream\PaperFlow-Stream\packaging\windows\..\..\dist\PaperFlowHub\_internal\onnxruntime\transformers\fusion_qordered_gelu.py
   Compressing: D:\a\PaperFlow-Stream\PaperFlow-Stream\packaging\windows\..\..\dist\PaperFlowHub\_internal\onnxruntime\transformers\fusion_qordered_layernorm.py
   Compressing: D:\a\PaperFlow-Stream\PaperFlow-Stream\packaging\windows\..\..\dist\PaperFlowHub\_internal\onnxruntime\transformers\fusion_qordered_matmul.py
   Compressing: D:\a\PaperFlow-Stream\PaperFlow-Stream\packaging\windows\..\..\dist\PaperFlowHub\_internal\onnxruntime\transformers\fusion_quickgelu.py
   Compressing: D:\a\PaperFlow-Stream\PaperFlow-Stream\packaging\windows\..\..\dist\PaperFlowHub\_internal\onnxruntime\transformers\fusion_reshape.py
   Compressing: D:\a\PaperFlow-Stream\PaperFlow-Stream\packaging\windows\..\..\dist\PaperFlowHub\_internal\onnxruntime\transformers\fusion_rotary_attention.py
   Compressing: D:\a\PaperFlow-Stream\PaperFlow-Stream\packaging\windows\..\..\dist\PaperFlowHub\_internal\onnxruntime\transformers\fusion_shape.py
   Compressing: D:\a\PaperFlow-Stream\PaperFlow-Stream\packaging\windows\..\..\dist\PaperFlowHub\_internal\onnxruntime\transformers\fusion_simplified_layernorm.py
   Compressing: D:\a\PaperFlow-Stream\PaperFlow-Stream\packaging\windows\..\..\dist\PaperFlowHub\_internal\onnxruntime\transformers\fusion_skiplayernorm.py
   Compressing: D:\a\PaperFlow-Stream\PaperFlow-Stream\packaging\windows\..\..\dist\PaperFlowHub\_internal\onnxruntime\transformers\fusion_skip_group_norm.py
   Compressing: D:\a\PaperFlow-Stream\PaperFlow-Stream\packaging\windows\..\..\dist\PaperFlowHub\_internal\onnxruntime\transformers\fusion_transpose.py
   Compressing: D:\a\PaperFlow-Stream\PaperFlow-Stream\packaging\windows\..\..\dist\PaperFlowHub\_internal\onnxruntime\transformers\fusion_utils.py
   Compressing: D:\a\PaperFlow-Stream\PaperFlow-Stream\packaging\windows\..\..\dist\PaperFlowHub\_internal\onnxruntime\transformers\huggingface_models.py
   Compressing: D:\a\PaperFlow-Stream\PaperFlow-Stream\packaging\windows\..\..\dist\PaperFlowHub\_internal\onnxruntime\transformers\import_utils.py
   Compressing: D:\a\PaperFlow-Stream\PaperFlow-Stream\packaging\windows\..\..\dist\PaperFlowHub\_internal\onnxruntime\transformers\io_binding_helper.py
   Compressing: D:\a\PaperFlow-Stream\PaperFlow-Stream\packaging\windows\..\..\dist\PaperFlowHub\_internal\onnxruntime\transformers\large_model_exporter.py
   Compressing: D:\a\PaperFlow-Stream\PaperFlow-Stream\packaging\windows\..\..\dist\PaperFlowHub\_internal\onnxruntime\transformers\machine_info.py
   Compressing: D:\a\PaperFlow-Stream\PaperFlow-Stream\packaging\windows\..\..\dist\PaperFlowHub\_internal\onnxruntime\transformers\metrics.py
   Compressing: D:\a\PaperFlow-Stream\PaperFlow-Stream\packaging\windows\..\..\dist\PaperFlowHub\_internal\onnxruntime\transformers\onnx_exporter.py
   Compressing: D:\a\PaperFlow-Stream\PaperFlow-Stream\packaging\windows\..\..\dist\PaperFlowHub\_internal\onnxruntime\transformers\onnx_model.py
   Compressing: D:\a\PaperFlow-Stream\PaperFlow-Stream\packaging\windows\..\..\dist\PaperFlowHub\_internal\onnxruntime\transformers\onnx_model_bart.py
   Compressing: D:\a\PaperFlow-Stream\PaperFlow-Stream\packaging\windows\..\..\dist\PaperFlowHub\_internal\onnxruntime\transformers\onnx_model_bert.py
   Compressing: D:\a\PaperFlow-Stream\PaperFlow-Stream\packaging\windows\..\..\dist\PaperFlowHub\_internal\onnxruntime\transformers\onnx_model_bert_keras.py
   Compressing: D:\a\PaperFlow-Stream\PaperFlow-Stream\packaging\windows\..\..\dist\PaperFlowHub\_internal\onnxruntime\transformers\onnx_model_bert_tf.py
   Compressing: D:\a\PaperFlow-Stream\PaperFlow-Stream\packaging\windows\..\..\dist\PaperFlowHub\_internal\onnxruntime\transformers\onnx_model_clip.py
   Compressing: D:\a\PaperFlow-Stream\PaperFlow-Stream\packaging\windows\..\..\dist\PaperFlowHub\_internal\onnxruntime\transformers\onnx_model_conformer.py
   Compressing: D:\a\PaperFlow-Stream\PaperFlow-Stream\packaging\windows\..\..\dist\PaperFlowHub\_internal\onnxruntime\transformers\onnx_model_gpt2.py
   Compressing: D:\a\PaperFlow-Stream\PaperFlow-Stream\packaging\windows\..\..\dist\PaperFlowHub\_internal\onnxruntime\transformers\onnx_model_mmdit.py
   Compressing: D:\a\PaperFlow-Stream\PaperFlow-Stream\packaging\windows\..\..\dist\PaperFlowHub\_internal\onnxruntime\transformers\onnx_model_phi.py
   Compressing: D:\a\PaperFlow-Stream\PaperFlow-Stream\packaging\windows\..\..\dist\PaperFlowHub\_internal\onnxruntime\transformers\onnx_model_sam2.py
   Compressing: D:\a\PaperFlow-Stream\PaperFlow-Stream\packaging\windows\..\..\dist\PaperFlowHub\_internal\onnxruntime\transformers\onnx_model_t5.py
   Compressing: D:\a\PaperFlow-Stream\PaperFlow-Stream\packaging\windows\..\..\dist\PaperFlowHub\_internal\onnxruntime\transformers\onnx_model_tnlr.py
   Compressing: D:\a\PaperFlow-Stream\PaperFlow-Stream\packaging\windows\..\..\dist\PaperFlowHub\_internal\onnxruntime\transformers\onnx_model_unet.py
   Compressing: D:\a\PaperFlow-Stream\PaperFlow-Stream\packaging\windows\..\..\dist\PaperFlowHub\_internal\onnxruntime\transformers\onnx_model_vae.py
   Compressing: D:\a\PaperFlow-Stream\PaperFlow-Stream\packaging\windows\..\..\dist\PaperFlowHub\_internal\onnxruntime\transformers\onnx_utils.py
   Compressing: D:\a\PaperFlow-Stream\PaperFlow-Stream\packaging\windows\..\..\dist\PaperFlowHub\_internal\onnxruntime\transformers\optimizer.py
   Compressing: D:\a\PaperFlow-Stream\PaperFlow-Stream\packaging\windows\..\..\dist\PaperFlowHub\_internal\onnxruntime\transformers\past_helper.py
   Compressing: D:\a\PaperFlow-Stream\PaperFlow-Stream\packaging\windows\..\..\dist\PaperFlowHub\_internal\onnxruntime\transformers\profiler.py
   Compressing: D:\a\PaperFlow-Stream\PaperFlow-Stream\packaging\windows\..\..\dist\PaperFlowHub\_internal\onnxruntime\transformers\profile_result_processor.py
   Compressing: D:\a\PaperFlow-Stream\PaperFlow-Stream\packaging\windows\..\..\dist\PaperFlowHub\_internal\onnxruntime\transformers\quantize_helper.py
   Compressing: D:\a\PaperFlow-Stream\PaperFlow-Stream\packaging\windows\..\..\dist\PaperFlowHub\_internal\onnxruntime\transformers\shape_infer_helper.py
   Compressing: D:\a\PaperFlow-Stream\PaperFlow-Stream\packaging\windows\..\..\dist\PaperFlowHub\_internal\onnxruntime\transformers\shape_optimizer.py
   Compressing: D:\a\PaperFlow-Stream\PaperFlow-Stream\packaging\windows\..\..\dist\PaperFlowHub\_internal\onnxruntime\transformers\torch_onnx_export_helper.py
   Compressing: D:\a\PaperFlow-Stream\PaperFlow-Stream\packaging\windows\..\..\dist\PaperFlowHub\_internal\onnxruntime\transformers\__init__.py
   Compressing: D:\a\PaperFlow-Stream\PaperFlow-Stream\packaging\windows\..\..\dist\PaperFlowHub\_internal\onnxruntime\transformers\models\bart\export.py
   Compressing: D:\a\PaperFlow-Stream\PaperFlow-Stream\packaging\windows\..\..\dist\PaperFlowHub\_internal\onnxruntime\transformers\models\bart\__init__.py
   Compressing: D:\a\PaperFlow-Stream\PaperFlow-Stream\packaging\windows\..\..\dist\PaperFlowHub\_internal\onnxruntime\transformers\models\bert\eval_squad.py
   Compressing: D:\a\PaperFlow-Stream\PaperFlow-Stream\packaging\windows\..\..\dist\PaperFlowHub\_internal\onnxruntime\transformers\models\bert\__init__.py
   Compressing: D:\a\PaperFlow-Stream\PaperFlow-Stream\packaging\windows\..\..\dist\PaperFlowHub\_internal\onnxruntime\transformers\models\gpt2\benchmark_gpt2.py
   Compressing: D:\a\PaperFlow-Stream\PaperFlow-Stream\packaging\windows\..\..\dist\PaperFlowHub\_internal\onnxruntime\transformers\models\gpt2\convert_to_onnx.py
   Compressing: D:\a\PaperFlow-Stream\PaperFlow-Stream\packaging\windows\..\..\dist\PaperFlowHub\_internal\onnxruntime\transformers\models\gpt2\gpt2_helper.py
   Compressing: D:\a\PaperFlow-Stream\PaperFlow-Stream\packaging\windows\..\..\dist\PaperFlowHub\_internal\onnxruntime\transformers\models\gpt2\gpt2_parity.py
   Compressing: D:\a\PaperFlow-Stream\PaperFlow-Stream\packaging\windows\..\..\dist\PaperFlowHub\_internal\onnxruntime\transformers\models\gpt2\gpt2_tester.py
   Compressing: D:\a\PaperFlow-Stream\PaperFlow-Stream\packaging\windows\..\..\dist\PaperFlowHub\_internal\onnxruntime\transformers\models\gpt2\parity_check_helper.py
   Compressing: D:\a\PaperFlow-Stream\PaperFlow-Stream\packaging\windows\..\..\dist\PaperFlowHub\_internal\onnxruntime\transformers\models\gpt2\__init__.py
   Compressing: D:\a\PaperFlow-Stream\PaperFlow-Stream\packaging\windows\..\..\dist\PaperFlowHub\_internal\onnxruntime\transformers\models\llama\benchmark.py
   Compressing: D:\a\PaperFlow-Stream\PaperFlow-Stream\packaging\windows\..\..\dist\PaperFlowHub\_internal\onnxruntime\transformers\models\llama\benchmark_all.py
   Compressing: D:\a\PaperFlow-Stream\PaperFlow-Stream\packaging\windows\..\..\dist\PaperFlowHub\_internal\onnxruntime\transformers\models\llama\benchmark_e2e.py
   Compressing: D:\a\PaperFlow-Stream\PaperFlow-Stream\packaging\windows\..\..\dist\PaperFlowHub\_internal\onnxruntime\transformers\models\llama\convert_to_onnx.py
   Compressing: D:\a\PaperFlow-Stream\PaperFlow-Stream\packaging\windows\..\..\dist\PaperFlowHub\_internal\onnxruntime\transformers\models\llama\dist_settings.py
   Compressing: D:\a\PaperFlow-Stream\PaperFlow-Stream\packaging\windows\..\..\dist\PaperFlowHub\_internal\onnxruntime\transformers\models\llama\llama_inputs.py
   Compressing: D:\a\PaperFlow-Stream\PaperFlow-Stream\packaging\windows\..\..\dist\PaperFlowHub\_internal\onnxruntime\transformers\models\llama\llama_parity.py
   Compressing: D:\a\PaperFlow-Stream\PaperFlow-Stream\packaging\windows\..\..\dist\PaperFlowHub\_internal\onnxruntime\transformers\models\llama\llama_torch.py
   Compressing: D:\a\PaperFlow-Stream\PaperFlow-Stream\packaging\windows\..\..\dist\PaperFlowHub\_internal\onnxruntime\transformers\models\llama\quant_kv_dataloader.py
   Compressing: D:\a\PaperFlow-Stream\PaperFlow-Stream\packaging\windows\..\..\dist\PaperFlowHub\_internal\onnxruntime\transformers\models\llama\__init__.py
   Compressing: D:\a\PaperFlow-Stream\PaperFlow-Stream\packaging\windows\..\..\dist\PaperFlowHub\_internal\onnxruntime\transformers\models\longformer\benchmark_longformer.py
   Compressing: D:\a\PaperFlow-Stream\PaperFlow-Stream\packaging\windows\..\..\dist\PaperFlowHub\_internal\onnxruntime\transformers\models\longformer\convert_to_onnx.py
   Compressing: D:\a\PaperFlow-Stream\PaperFlow-Stream\packaging\windows\..\..\dist\PaperFlowHub\_internal\onnxruntime\transformers\models\longformer\generate_test_data.py
   Compressing: D:\a\PaperFlow-Stream\PaperFlow-Stream\packaging\windows\..\..\dist\PaperFlowHub\_internal\onnxruntime\transformers\models\longformer\longformer_helper.py
   Compressing: D:\a\PaperFlow-Stream\PaperFlow-Stream\packaging\windows\..\..\dist\PaperFlowHub\_internal\onnxruntime\transformers\models\longformer\__init__.py
   Compressing: D:\a\PaperFlow-Stream\PaperFlow-Stream\packaging\windows\..\..\dist\PaperFlowHub\_internal\onnxruntime\transformers\models\phi2\convert_to_onnx.py
   Compressing: D:\a\PaperFlow-Stream\PaperFlow-Stream\packaging\windows\..\..\dist\PaperFlowHub\_internal\onnxruntime\transformers\models\phi2\inference_example.py
   Compressing: D:\a\PaperFlow-Stream\PaperFlow-Stream\packaging\windows\..\..\dist\PaperFlowHub\_internal\onnxruntime\transformers\models\phi2\__init__.py
   Compressing: D:\a\PaperFlow-Stream\PaperFlow-Stream\packaging\windows\..\..\dist\PaperFlowHub\_internal\onnxruntime\transformers\models\sam2\benchmark_sam2.py
   Compressing: D:\a\PaperFlow-Stream\PaperFlow-Stream\packaging\windows\..\..\dist\PaperFlowHub\_internal\onnxruntime\transformers\models\sam2\convert_to_onnx.py
   Compressing: D:\a\PaperFlow-Stream\PaperFlow-Stream\packaging\windows\..\..\dist\PaperFlowHub\_internal\onnxruntime\transformers\models\sam2\image_decoder.py
   Compressing: D:\a\PaperFlow-Stream\PaperFlow-Stream\packaging\windows\..\..\dist\PaperFlowHub\_internal\onnxruntime\transformers\models\sam2\image_encoder.py
   Compressing: D:\a\PaperFlow-Stream\PaperFlow-Stream\packaging\windows\..\..\dist\PaperFlowHub\_internal\onnxruntime\transformers\models\sam2\mask_decoder.py
   Compressing: D:\a\PaperFlow-Stream\PaperFlow-Stream\packaging\windows\..\..\dist\PaperFlowHub\_internal\onnxruntime\transformers\models\sam2\nvtx_helper.py
   Compressing: D:\a\PaperFlow-Stream\PaperFlow-Stream\packaging\windows\..\..\dist\PaperFlowHub\_internal\onnxruntime\transformers\models\sam2\prompt_encoder.py
   Compressing: D:\a\PaperFlow-Stream\PaperFlow-Stream\packaging\windows\..\..\dist\PaperFlowHub\_internal\onnxruntime\transformers\models\sam2\sam2_demo.py
   Compressing: D:\a\PaperFlow-Stream\PaperFlow-Stream\packaging\windows\..\..\dist\PaperFlowHub\_internal\onnxruntime\transformers\models\sam2\sam2_image_onnx_predictor.py
   Compressing: D:\a\PaperFlow-Stream\PaperFlow-Stream\packaging\windows\..\..\dist\PaperFlowHub\_internal\onnxruntime\transformers\models\sam2\sam2_utils.py
   Compressing: D:\a\PaperFlow-Stream\PaperFlow-Stream\packaging\windows\..\..\dist\PaperFlowHub\_internal\onnxruntime\transformers\models\sam2\__init__.py
   Compressing: D:\a\PaperFlow-Stream\PaperFlow-Stream\packaging\windows\..\..\dist\PaperFlowHub\_internal\onnxruntime\transformers\models\stable_diffusion\benchmark.py
   Compressing: D:\a\PaperFlow-Stream\PaperFlow-Stream\packaging\windows\..\..\dist\PaperFlowHub\_internal\onnxruntime\transformers\models\stable_diffusion\benchmark_controlnet.py
   Compressing: D:\a\PaperFlow-Stream\PaperFlow-Stream\packaging\windows\..\..\dist\PaperFlowHub\_internal\onnxruntime\transformers\models\stable_diffusion\demo_txt2img.py
   Compressing: D:\a\PaperFlow-Stream\PaperFlow-Stream\packaging\windows\..\..\dist\PaperFlowHub\_internal\onnxruntime\transformers\models\stable_diffusion\demo_txt2img_xl.py
   Compressing: D:\a\PaperFlow-Stream\PaperFlow-Stream\packaging\windows\..\..\dist\PaperFlowHub\_internal\onnxruntime\transformers\models\stable_diffusion\demo_utils.py
   Compressing: D:\a\PaperFlow-Stream\PaperFlow-Stream\packaging\windows\..\..\dist\PaperFlowHub\_internal\onnxruntime\transformers\models\stable_diffusion\diffusion_models.py
   Compressing: D:\a\PaperFlow-Stream\PaperFlow-Stream\packaging\windows\..\..\dist\PaperFlowHub\_internal\onnxruntime\transformers\models\stable_diffusion\diffusion_schedulers.py
   Compressing: D:\a\PaperFlow-Stream\PaperFlow-Stream\packaging\windows\..\..\dist\PaperFlowHub\_internal\onnxruntime\transformers\models\stable_diffusion\engine_builder.py
   Compressing: D:\a\PaperFlow-Stream\PaperFlow-Stream\packaging\windows\..\..\dist\PaperFlowHub\_internal\onnxruntime\transformers\models\stable_diffusion\engine_builder_ort_cuda.py
   Compressing: D:\a\PaperFlow-Stream\PaperFlow-Stream\packaging\windows\..\..\dist\PaperFlowHub\_internal\onnxruntime\transformers\models\stable_diffusion\engine_builder_ort_trt.py
   Compressing: D:\a\PaperFlow-Stream\PaperFlow-Stream\packaging\windows\..\..\dist\PaperFlowHub\_internal\onnxruntime\transformers\models\stable_diffusion\engine_builder_tensorrt.py
   Compressing: D:\a\PaperFlow-Stream\PaperFlow-Stream\packaging\windows\..\..\dist\PaperFlowHub\_internal\onnxruntime\transformers\models\stable_diffusion\engine_builder_torch.py
   Compressing: D:\a\PaperFlow-Stream\PaperFlow-Stream\packaging\windows\..\..\dist\PaperFlowHub\_internal\onnxruntime\transformers\models\stable_diffusion\optimize_pipeline.py
   Compressing: D:\a\PaperFlow-Stream\PaperFlow-Stream\packaging\windows\..\..\dist\PaperFlowHub\_internal\onnxruntime\transformers\models\stable_diffusion\ort_optimizer.py
   Compressing: D:\a\PaperFlow-Stream\PaperFlow-Stream\packaging\windows\..\..\dist\PaperFlowHub\_internal\onnxruntime\transformers\models\stable_diffusion\pipeline_stable_diffusion.py
   Compressing: D:\a\PaperFlow-Stream\PaperFlow-Stream\packaging\windows\..\..\dist\PaperFlowHub\_internal\onnxruntime\transformers\models\stable_diffusion\trt_utilities.py
   Compressing: D:\a\PaperFlow-Stream\PaperFlow-Stream\packaging\windows\..\..\dist\PaperFlowHub\_internal\onnxruntime\transformers\models\stable_diffusion\__init__.py
   Compressing: D:\a\PaperFlow-Stream\PaperFlow-Stream\packaging\windows\..\..\dist\PaperFlowHub\_internal\onnxruntime\transformers\models\t5\convert_to_onnx.py
   Compressing: D:\a\PaperFlow-Stream\PaperFlow-Stream\packaging\windows\..\..\dist\PaperFlowHub\_internal\onnxruntime\transformers\models\t5\t5_decoder.py
   Compressing: D:\a\PaperFlow-Stream\PaperFlow-Stream\packaging\windows\..\..\dist\PaperFlowHub\_internal\onnxruntime\transformers\models\t5\t5_encoder.py
   Compressing: D:\a\PaperFlow-Stream\PaperFlow-Stream\packaging\windows\..\..\dist\PaperFlowHub\_internal\onnxruntime\transformers\models\t5\t5_encoder_decoder_init.py
   Compressing: D:\a\PaperFlow-Stream\PaperFlow-Stream\packaging\windows\..\..\dist\PaperFlowHub\_internal\onnxruntime\transformers\models\t5\t5_helper.py
   Compressing: D:\a\PaperFlow-Stream\PaperFlow-Stream\packaging\windows\..\..\dist\PaperFlowHub\_internal\onnxruntime\transformers\models\t5\__init__.py
   Compressing: D:\a\PaperFlow-Stream\PaperFlow-Stream\packaging\windows\..\..\dist\PaperFlowHub\_internal\onnxruntime\transformers\models\whisper\benchmark.py
   Compressing: D:\a\PaperFlow-Stream\PaperFlow-Stream\packaging\windows\..\..\dist\PaperFlowHub\_internal\onnxruntime\transformers\models\whisper\benchmark_all.py
   Compressing: D:\a\PaperFlow-Stream\PaperFlow-Stream\packaging\windows\..\..\dist\PaperFlowHub\_internal\onnxruntime\transformers\models\whisper\convert_to_onnx.py
   Compressing: D:\a\PaperFlow-Stream\PaperFlow-Stream\packaging\windows\..\..\dist\PaperFlowHub\_internal\onnxruntime\transformers\models\whisper\whisper_chain.py
   Compressing: D:\a\PaperFlow-Stream\PaperFlow-Stream\packaging\windows\..\..\dist\PaperFlowHub\_internal\onnxruntime\transformers\models\whisper\whisper_decoder.py
   Compressing: D:\a\PaperFlow-Stream\PaperFlow-Stream\packaging\windows\..\..\dist\PaperFlowHub\_internal\onnxruntime\transformers\models\whisper\whisper_encoder.py
   Compressing: D:\a\PaperFlow-Stream\PaperFlow-Stream\packaging\windows\..\..\dist\PaperFlowHub\_internal\onnxruntime\transformers\models\whisper\whisper_encoder_decoder_init.py
   Compressing: D:\a\PaperFlow-Stream\PaperFlow-Stream\packaging\windows\..\..\dist\PaperFlowHub\_internal\onnxruntime\transformers\models\whisper\whisper_helper.py
   Compressing: D:\a\PaperFlow-Stream\PaperFlow-Stream\packaging\windows\..\..\dist\PaperFlowHub\_internal\onnxruntime\transformers\models\whisper\whisper_inputs.py
   Compressing: D:\a\PaperFlow-Stream\PaperFlow-Stream\packaging\windows\..\..\dist\PaperFlowHub\_internal\onnxruntime\transformers\models\whisper\whisper_jump_times.py
   Compressing: D:\a\PaperFlow-Stream\PaperFlow-Stream\packaging\windows\..\..\dist\PaperFlowHub\_internal\onnxruntime\transformers\models\whisper\__init__.py
   Compressing: D:\a\PaperFlow-Stream\PaperFlow-Stream\packaging\windows\..\..\dist\PaperFlowHub\_internal\onnxruntime-1.28.0.dist-info\entry_points.txt
   Compressing: D:\a\PaperFlow-Stream\PaperFlow-Stream\packaging\windows\..\..\dist\PaperFlowHub\_internal\onnxruntime-1.28.0.dist-info\INSTALLER
   Compressing: D:\a\PaperFlow-Stream\PaperFlow-Stream\packaging\windows\..\..\dist\PaperFlowHub\_internal\onnxruntime-1.28.0.dist-info\METADATA
   Compressing: D:\a\PaperFlow-Stream\PaperFlow-Stream\packaging\windows\..\..\dist\PaperFlowHub\_internal\onnxruntime-1.28.0.dist-info\RECORD
   Compressing: D:\a\PaperFlow-Stream\PaperFlow-Stream\packaging\windows\..\..\dist\PaperFlowHub\_internal\onnxruntime-1.28.0.dist-info\REQUESTED
   Compressing: D:\a\PaperFlow-Stream\PaperFlow-Stream\packaging\windows\..\..\dist\PaperFlowHub\_internal\onnxruntime-1.28.0.dist-info\top_level.txt
   Compressing: D:\a\PaperFlow-Stream\PaperFlow-Stream\packaging\windows\..\..\dist\PaperFlowHub\_internal\onnxruntime-1.28.0.dist-info\WHEEL
   Compressing: D:\a\PaperFlow-Stream\PaperFlow-Stream\packaging\windows\..\..\dist\PaperFlowHub\_internal\PIL\_avif.cp311-win_amd64.pyd
   Compressing: D:\a\PaperFlow-Stream\PaperFlow-Stream\packaging\windows\..\..\dist\PaperFlowHub\_internal\PIL\_imaging.cp311-win_amd64.pyd
   Compressing: D:\a\PaperFlow-Stream\PaperFlow-Stream\packaging\windows\..\..\dist\PaperFlowHub\_internal\PIL\_imagingcms.cp311-win_amd64.pyd
   Compressing: D:\a\PaperFlow-Stream\PaperFlow-Stream\packaging\windows\..\..\dist\PaperFlowHub\_internal\PIL\_imagingft.cp311-win_amd64.pyd
   Compressing: D:\a\PaperFlow-Stream\PaperFlow-Stream\packaging\windows\..\..\dist\PaperFlowHub\_internal\PIL\_imagingmath.cp311-win_amd64.pyd
   Compressing: D:\a\PaperFlow-Stream\PaperFlow-Stream\packaging\windows\..\..\dist\PaperFlowHub\_internal\PIL\_imagingtk.cp311-win_amd64.pyd
   Compressing: D:\a\PaperFlow-Stream\PaperFlow-Stream\packaging\windows\..\..\dist\PaperFlowHub\_internal\PIL\_webp.cp311-win_amd64.pyd
   Compressing: D:\a\PaperFlow-Stream\PaperFlow-Stream\packaging\windows\..\..\dist\PaperFlowHub\_internal\pyclipper\_pyclipper.cp311-win_amd64.pyd
   Compressing: D:\a\PaperFlow-Stream\PaperFlow-Stream\packaging\windows\..\..\dist\PaperFlowHub\_internal\pydantic-2.13.4.dist-info\INSTALLER
   Compressing: D:\a\PaperFlow-Stream\PaperFlow-Stream\packaging\windows\..\..\dist\PaperFlowHub\_internal\pydantic-2.13.4.dist-info\METADATA
   Compressing: D:\a\PaperFlow-Stream\PaperFlow-Stream\packaging\windows\..\..\dist\PaperFlowHub\_internal\pydantic-2.13.4.dist-info\RECORD
   Compressing: D:\a\PaperFlow-Stream\PaperFlow-Stream\packaging\windows\..\..\dist\PaperFlowHub\_internal\pydantic-2.13.4.dist-info\REQUESTED
   Compressing: D:\a\PaperFlow-Stream\PaperFlow-Stream\packaging\windows\..\..\dist\PaperFlowHub\_internal\pydantic-2.13.4.dist-info\WHEEL
   Compressing: D:\a\PaperFlow-Stream\PaperFlow-Stream\packaging\windows\..\..\dist\PaperFlowHub\_internal\pydantic-2.13.4.dist-info\licenses\LICENSE
   Compressing: D:\a\PaperFlow-Stream\PaperFlow-Stream\packaging\windows\..\..\dist\PaperFlowHub\_internal\pydantic_core\_pydantic_core.cp311-win_amd64.pyd
   Compressing: D:\a\PaperFlow-Stream\PaperFlow-Stream\packaging\windows\..\..\dist\PaperFlowHub\_internal\pystray\_appindicator.py
   Compressing: D:\a\PaperFlow-Stream\PaperFlow-Stream\packaging\windows\..\..\dist\PaperFlowHub\_internal\pystray\_base.py
   Compressing: D:\a\PaperFlow-Stream\PaperFlow-Stream\packaging\windows\..\..\dist\PaperFlowHub\_internal\pystray\_darwin.py
   Compressing: D:\a\PaperFlow-Stream\PaperFlow-Stream\packaging\windows\..\..\dist\PaperFlowHub\_internal\pystray\_dummy.py
   Compressing: D:\a\PaperFlow-Stream\PaperFlow-Stream\packaging\windows\..\..\dist\PaperFlowHub\_internal\pystray\_gtk.py
   Compressing: D:\a\PaperFlow-Stream\PaperFlow-Stream\packaging\windows\..\..\dist\PaperFlowHub\_internal\pystray\_info.py
   Compressing: D:\a\PaperFlow-Stream\PaperFlow-Stream\packaging\windows\..\..\dist\PaperFlowHub\_internal\pystray\_win32.py
   Compressing: D:\a\PaperFlow-Stream\PaperFlow-Stream\packaging\windows\..\..\dist\PaperFlowHub\_internal\pystray\_xorg.py
   Compressing: D:\a\PaperFlow-Stream\PaperFlow-Stream\packaging\windows\..\..\dist\PaperFlowHub\_internal\pystray\__init__.py
   Compressing: D:\a\PaperFlow-Stream\PaperFlow-Stream\packaging\windows\..\..\dist\PaperFlowHub\_internal\pystray\_util\gtk.py
   Compressing: D:\a\PaperFlow-Stream\PaperFlow-Stream\packaging\windows\..\..\dist\PaperFlowHub\_internal\pystray\_util\notify_dbus.py
   Compressing: D:\a\PaperFlow-Stream\PaperFlow-Stream\packaging\windows\..\..\dist\PaperFlowHub\_internal\pystray\_util\win32.py
   Compressing: D:\a\PaperFlow-Stream\PaperFlow-Stream\packaging\windows\..\..\dist\PaperFlowHub\_internal\pystray\_util\__init__.py
   Compressing: D:\a\PaperFlow-Stream\PaperFlow-Stream\packaging\windows\..\..\dist\PaperFlowHub\_internal\pystray-0.19.5.dist-info\COPYING
   Compressing: D:\a\PaperFlow-Stream\PaperFlow-Stream\packaging\windows\..\..\dist\PaperFlowHub\_internal\pystray-0.19.5.dist-info\COPYING.LGPL
   Compressing: D:\a\PaperFlow-Stream\PaperFlow-Stream\packaging\windows\..\..\dist\PaperFlowHub\_internal\pystray-0.19.5.dist-info\INSTALLER
   Compressing: D:\a\PaperFlow-Stream\PaperFlow-Stream\packaging\windows\..\..\dist\PaperFlowHub\_internal\pystray-0.19.5.dist-info\METADATA
   Compressing: D:\a\PaperFlow-Stream\PaperFlow-Stream\packaging\windows\..\..\dist\PaperFlowHub\_internal\pystray-0.19.5.dist-info\RECORD
   Compressing: D:\a\PaperFlow-Stream\PaperFlow-Stream\packaging\windows\..\..\dist\PaperFlowHub\_internal\pystray-0.19.5.dist-info\REQUESTED
   Compressing: D:\a\PaperFlow-Stream\PaperFlow-Stream\packaging\windows\..\..\dist\PaperFlowHub\_internal\pystray-0.19.5.dist-info\top_level.txt
   Compressing: D:\a\PaperFlow-Stream\PaperFlow-Stream\packaging\windows\..\..\dist\PaperFlowHub\_internal\pystray-0.19.5.dist-info\WHEEL
   Compressing: D:\a\PaperFlow-Stream\PaperFlow-Stream\packaging\windows\..\..\dist\PaperFlowHub\_internal\pystray-0.19.5.dist-info\zip-safe
   Compressing: D:\a\PaperFlow-Stream\PaperFlow-Stream\packaging\windows\..\..\dist\PaperFlowHub\_internal\rapidocr_onnxruntime\config.yaml
   Compressing: D:\a\PaperFlow-Stream\PaperFlow-Stream\packaging\windows\..\..\dist\PaperFlowHub\_internal\rapidocr_onnxruntime\main.py
   Compressing: D:\a\PaperFlow-Stream\PaperFlow-Stream\packaging\windows\..\..\dist\PaperFlowHub\_internal\rapidocr_onnxruntime\__init__.py
   Compressing: D:\a\PaperFlow-Stream\PaperFlow-Stream\packaging\windows\..\..\dist\PaperFlowHub\_internal\rapidocr_onnxruntime\cal_rec_boxes\main.py
   Compressing: D:\a\PaperFlow-Stream\PaperFlow-Stream\packaging\windows\..\..\dist\PaperFlowHub\_internal\rapidocr_onnxruntime\cal_rec_boxes\__init__.py
   Compressing: D:\a\PaperFlow-Stream\PaperFlow-Stream\packaging\windows\..\..\dist\PaperFlowHub\_internal\rapidocr_onnxruntime\ch_ppocr_cls\text_cls.py
   Compressing: D:\a\PaperFlow-Stream\PaperFlow-Stream\packaging\windows\..\..\dist\PaperFlowHub\_internal\rapidocr_onnxruntime\ch_ppocr_cls\utils.py
   Compressing: D:\a\PaperFlow-Stream\PaperFlow-Stream\packaging\windows\..\..\dist\PaperFlowHub\_internal\rapidocr_onnxruntime\ch_ppocr_cls\__init__.py
   Compressing: D:\a\PaperFlow-Stream\PaperFlow-Stream\packaging\windows\..\..\dist\PaperFlowHub\_internal\rapidocr_onnxruntime\ch_ppocr_det\text_detect.py
   Compressing: D:\a\PaperFlow-Stream\PaperFlow-Stream\packaging\windows\..\..\dist\PaperFlowHub\_internal\rapidocr_onnxruntime\ch_ppocr_det\utils.py
   Compressing: D:\a\PaperFlow-Stream\PaperFlow-Stream\packaging\windows\..\..\dist\PaperFlowHub\_internal\rapidocr_onnxruntime\ch_ppocr_det\__init__.py
   Compressing: D:\a\PaperFlow-Stream\PaperFlow-Stream\packaging\windows\..\..\dist\PaperFlowHub\_internal\rapidocr_onnxruntime\ch_ppocr_rec\text_recognize.py
   Compressing: D:\a\PaperFlow-Stream\PaperFlow-Stream\packaging\windows\..\..\dist\PaperFlowHub\_internal\rapidocr_onnxruntime\ch_ppocr_rec\utils.py
   Compressing: D:\a\PaperFlow-Stream\PaperFlow-Stream\packaging\windows\..\..\dist\PaperFlowHub\_internal\rapidocr_onnxruntime\ch_ppocr_rec\__init__.py
   Compressing: D:\a\PaperFlow-Stream\PaperFlow-Stream\packaging\windows\..\..\dist\PaperFlowHub\_internal\rapidocr_onnxruntime\models\ch_PP-OCRv4_det_infer.onnx
   Compressing: D:\a\PaperFlow-Stream\PaperFlow-Stream\packaging\windows\..\..\dist\PaperFlowHub\_internal\rapidocr_onnxruntime\models\ch_PP-OCRv4_rec_infer.onnx
   Compressing: D:\a\PaperFlow-Stream\PaperFlow-Stream\packaging\windows\..\..\dist\PaperFlowHub\_internal\rapidocr_onnxruntime\models\ch_ppocr_mobile_v2.0_cls_infer.onnx
   Compressing: D:\a\PaperFlow-Stream\PaperFlow-Stream\packaging\windows\..\..\dist\PaperFlowHub\_internal\rapidocr_onnxruntime\utils\infer_engine.py
   Compressing: D:\a\PaperFlow-Stream\PaperFlow-Stream\packaging\windows\..\..\dist\PaperFlowHub\_internal\rapidocr_onnxruntime\utils\load_image.py
   Compressing: D:\a\PaperFlow-Stream\PaperFlow-Stream\packaging\windows\..\..\dist\PaperFlowHub\_internal\rapidocr_onnxruntime\utils\logger.py
   Compressing: D:\a\PaperFlow-Stream\PaperFlow-Stream\packaging\windows\..\..\dist\PaperFlowHub\_internal\rapidocr_onnxruntime\utils\parse_parameters.py
   Compressing: D:\a\PaperFlow-Stream\PaperFlow-Stream\packaging\windows\..\..\dist\PaperFlowHub\_internal\rapidocr_onnxruntime\utils\process_img.py
   Compressing: D:\a\PaperFlow-Stream\PaperFlow-Stream\packaging\windows\..\..\dist\PaperFlowHub\_internal\rapidocr_onnxruntime\utils\vis_res.py
   Compressing: D:\a\PaperFlow-Stream\PaperFlow-Stream\packaging\windows\..\..\dist\PaperFlowHub\_internal\rapidocr_onnxruntime\utils\__init__.py
   Compressing: D:\a\PaperFlow-Stream\PaperFlow-Stream\packaging\windows\..\..\dist\PaperFlowHub\_internal\rapidocr_onnxruntime-1.4.4.dist-info\entry_points.txt
   Compressing: D:\a\PaperFlow-Stream\PaperFlow-Stream\packaging\windows\..\..\dist\PaperFlowHub\_internal\rapidocr_onnxruntime-1.4.4.dist-info\INSTALLER
   Compressing: D:\a\PaperFlow-Stream\PaperFlow-Stream\packaging\windows\..\..\dist\PaperFlowHub\_internal\rapidocr_onnxruntime-1.4.4.dist-info\METADATA
   Compressing: D:\a\PaperFlow-Stream\PaperFlow-Stream\packaging\windows\..\..\dist\PaperFlowHub\_internal\rapidocr_onnxruntime-1.4.4.dist-info\RECORD
   Compressing: D:\a\PaperFlow-Stream\PaperFlow-Stream\packaging\windows\..\..\dist\PaperFlowHub\_internal\rapidocr_onnxruntime-1.4.4.dist-info\REQUESTED
   Compressing: D:\a\PaperFlow-Stream\PaperFlow-Stream\packaging\windows\..\..\dist\PaperFlowHub\_internal\rapidocr_onnxruntime-1.4.4.dist-info\top_level.txt
   Compressing: D:\a\PaperFlow-Stream\PaperFlow-Stream\packaging\windows\..\..\dist\PaperFlowHub\_internal\rapidocr_onnxruntime-1.4.4.dist-info\WHEEL
   Compressing: D:\a\PaperFlow-Stream\PaperFlow-Stream\packaging\windows\..\..\dist\PaperFlowHub\_internal\shapely\lib.cp311-win_amd64.pyd
   Compressing: D:\a\PaperFlow-Stream\PaperFlow-Stream\packaging\windows\..\..\dist\PaperFlowHub\_internal\shapely\_geometry_helpers.cp311-win_amd64.pyd
   Compressing: D:\a\PaperFlow-Stream\PaperFlow-Stream\packaging\windows\..\..\dist\PaperFlowHub\_internal\shapely\_geos.cp311-win_amd64.pyd
   Compressing: D:\a\PaperFlow-Stream\PaperFlow-Stream\packaging\windows\..\..\dist\PaperFlowHub\_internal\Shapely.libs\geos-ae6efa0782962b98e358f10ea539ae5f.dll
   Compressing: D:\a\PaperFlow-Stream\PaperFlow-Stream\packaging\windows\..\..\dist\PaperFlowHub\_internal\Shapely.libs\geos_c-072b7a9224d16d3e4ab2395bb855b2d3.dll
   Compressing: D:\a\PaperFlow-Stream\PaperFlow-Stream\packaging\windows\..\..\dist\PaperFlowHub\_internal\Shapely.libs\msvcp140-90bc62d4947a5878f1dc1057312f3be2.dll
   Compressing: D:\a\PaperFlow-Stream\PaperFlow-Stream\packaging\windows\..\..\dist\PaperFlowHub\_internal\sqlalchemy\events.py
   Compressing: D:\a\PaperFlow-Stream\PaperFlow-Stream\packaging\windows\..\..\dist\PaperFlowHub\_internal\sqlalchemy\exc.py
   Compressing: D:\a\PaperFlow-Stream\PaperFlow-Stream\packaging\windows\..\..\dist\PaperFlowHub\_internal\sqlalchemy\inspection.py
   Compressing: D:\a\PaperFlow-Stream\PaperFlow-Stream\packaging\windows\..\..\dist\PaperFlowHub\_internal\sqlalchemy\log.py
   Compressing: D:\a\PaperFlow-Stream\PaperFlow-Stream\packaging\windows\..\..\dist\PaperFlowHub\_internal\sqlalchemy\py.typed
   Compressing: D:\a\PaperFlow-Stream\PaperFlow-Stream\packaging\windows\..\..\dist\PaperFlowHub\_internal\sqlalchemy\schema.py
   Compressing: D:\a\PaperFlow-Stream\PaperFlow-Stream\packaging\windows\..\..\dist\PaperFlowHub\_internal\sqlalchemy\types.py
   Compressing: D:\a\PaperFlow-Stream\PaperFlow-Stream\packaging\windows\..\..\dist\PaperFlowHub\_internal\sqlalchemy\__init__.py
   Compressing: D:\a\PaperFlow-Stream\PaperFlow-Stream\packaging\windows\..\..\dist\PaperFlowHub\_internal\sqlalchemy\connectors\aioodbc.py
   Compressing: D:\a\PaperFlow-Stream\PaperFlow-Stream\packaging\windows\..\..\dist\PaperFlowHub\_internal\sqlalchemy\connectors\asyncio.py
   Compressing: D:\a\PaperFlow-Stream\PaperFlow-Stream\packaging\windows\..\..\dist\PaperFlowHub\_internal\sqlalchemy\connectors\pyodbc.py
   Compressing: D:\a\PaperFlow-Stream\PaperFlow-Stream\packaging\windows\..\..\dist\PaperFlowHub\_internal\sqlalchemy\connectors\__init__.py
   Compressing: D:\a\PaperFlow-Stream\PaperFlow-Stream\packaging\windows\..\..\dist\PaperFlowHub\_internal\sqlalchemy\cyextension\collections.cp311-win_amd64.pyd
   Compressing: D:\a\PaperFlow-Stream\PaperFlow-Stream\packaging\windows\..\..\dist\PaperFlowHub\_internal\sqlalchemy\cyextension\collections.pyx
   Compressing: D:\a\PaperFlow-Stream\PaperFlow-Stream\packaging\windows\..\..\dist\PaperFlowHub\_internal\sqlalchemy\cyextension\immutabledict.cp311-win_amd64.pyd
   Compressing: D:\a\PaperFlow-Stream\PaperFlow-Stream\packaging\windows\..\..\dist\PaperFlowHub\_internal\sqlalchemy\cyextension\immutabledict.pxd
   Compressing: D:\a\PaperFlow-Stream\PaperFlow-Stream\packaging\windows\..\..\dist\PaperFlowHub\_internal\sqlalchemy\cyextension\immutabledict.pyx
   Compressing: D:\a\PaperFlow-Stream\PaperFlow-Stream\packaging\windows\..\..\dist\PaperFlowHub\_internal\sqlalchemy\cyextension\processors.cp311-win_amd64.pyd
   Compressing: D:\a\PaperFlow-Stream\PaperFlow-Stream\packaging\windows\..\..\dist\PaperFlowHub\_internal\sqlalchemy\cyextension\processors.pyx
   Compressing: D:\a\PaperFlow-Stream\PaperFlow-Stream\packaging\windows\..\..\dist\PaperFlowHub\_internal\sqlalchemy\cyextension\resultproxy.cp311-win_amd64.pyd
   Compressing: D:\a\PaperFlow-Stream\PaperFlow-Stream\packaging\windows\..\..\dist\PaperFlowHub\_internal\sqlalchemy\cyextension\resultproxy.pyx
   Compressing: D:\a\PaperFlow-Stream\PaperFlow-Stream\packaging\windows\..\..\dist\PaperFlowHub\_internal\sqlalchemy\cyextension\util.cp311-win_amd64.pyd
   Compressing: D:\a\PaperFlow-Stream\PaperFlow-Stream\packaging\windows\..\..\dist\PaperFlowHub\_internal\sqlalchemy\cyextension\util.pyx
   Compressing: D:\a\PaperFlow-Stream\PaperFlow-Stream\packaging\windows\..\..\dist\PaperFlowHub\_internal\sqlalchemy\cyextension\__init__.py
   Compressing: D:\a\PaperFlow-Stream\PaperFlow-Stream\packaging\windows\..\..\dist\PaperFlowHub\_internal\sqlalchemy\dialects\type_migration_guidelines.txt
   Compressing: D:\a\PaperFlow-Stream\PaperFlow-Stream\packaging\windows\..\..\dist\PaperFlowHub\_internal\sqlalchemy\dialects\_typing.py
   Compressing: D:\a\PaperFlow-Stream\PaperFlow-Stream\packaging\windows\..\..\dist\PaperFlowHub\_internal\sqlalchemy\dialects\__init__.py
   Compressing: D:\a\PaperFlow-Stream\PaperFlow-Stream\packaging\windows\..\..\dist\PaperFlowHub\_internal\sqlalchemy\dialects\mssql\aioodbc.py
   Compressing: D:\a\PaperFlow-Stream\PaperFlow-Stream\packaging\windows\..\..\dist\PaperFlowHub\_internal\sqlalchemy\dialects\mssql\base.py
   Compressing: D:\a\PaperFlow-Stream\PaperFlow-Stream\packaging\windows\..\..\dist\PaperFlowHub\_internal\sqlalchemy\dialects\mssql\information_schema.py
   Compressing: D:\a\PaperFlow-Stream\PaperFlow-Stream\packaging\windows\..\..\dist\PaperFlowHub\_internal\sqlalchemy\dialects\mssql\json.py
   Compressing: D:\a\PaperFlow-Stream\PaperFlow-Stream\packaging\windows\..\..\dist\PaperFlowHub\_internal\sqlalchemy\dialects\mssql\provision.py
   Compressing: D:\a\PaperFlow-Stream\PaperFlow-Stream\packaging\windows\..\..\dist\PaperFlowHub\_internal\sqlalchemy\dialects\mssql\pymssql.py
   Compressing: D:\a\PaperFlow-Stream\PaperFlow-Stream\packaging\windows\..\..\dist\PaperFlowHub\_internal\sqlalchemy\dialects\mssql\pyodbc.py
   Compressing: D:\a\PaperFlow-Stream\PaperFlow-Stream\packaging\windows\..\..\dist\PaperFlowHub\_internal\sqlalchemy\dialects\mssql\__init__.py
   Compressing: D:\a\PaperFlow-Stream\PaperFlow-Stream\packaging\windows\..\..\dist\PaperFlowHub\_internal\sqlalchemy\dialects\mysql\aiomysql.py
   Compressing: D:\a\PaperFlow-Stream\PaperFlow-Stream\packaging\windows\..\..\dist\PaperFlowHub\_internal\sqlalchemy\dialects\mysql\asyncmy.py
   Compressing: D:\a\PaperFlow-Stream\PaperFlow-Stream\packaging\windows\..\..\dist\PaperFlowHub\_internal\sqlalchemy\dialects\mysql\base.py
   Compressing: D:\a\PaperFlow-Stream\PaperFlow-Stream\packaging\windows\..\..\dist\PaperFlowHub\_internal\sqlalchemy\dialects\mysql\cymysql.py
   Compressing: D:\a\PaperFlow-Stream\PaperFlow-Stream\packaging\windows\..\..\dist\PaperFlowHub\_internal\sqlalchemy\dialects\mysql\dml.py
   Compressing: D:\a\PaperFlow-Stream\PaperFlow-Stream\packaging\windows\..\..\dist\PaperFlowHub\_internal\sqlalchemy\dialects\mysql\enumerated.py
   Compressing: D:\a\PaperFlow-Stream\PaperFlow-Stream\packaging\windows\..\..\dist\PaperFlowHub\_internal\sqlalchemy\dialects\mysql\expression.py
   Compressing: D:\a\PaperFlow-Stream\PaperFlow-Stream\packaging\windows\..\..\dist\PaperFlowHub\_internal\sqlalchemy\dialects\mysql\json.py
   Compressing: D:\a\PaperFlow-Stream\PaperFlow-Stream\packaging\windows\..\..\dist\PaperFlowHub\_internal\sqlalchemy\dialects\mysql\mariadb.py
   Compressing: D:\a\PaperFlow-Stream\PaperFlow-Stream\packaging\windows\..\..\dist\PaperFlowHub\_internal\sqlalchemy\dialects\mysql\mariadbconnector.py
   Compressing: D:\a\PaperFlow-Stream\PaperFlow-Stream\packaging\windows\..\..\dist\PaperFlowHub\_internal\sqlalchemy\dialects\mysql\mysqlconnector.py
   Compressing: D:\a\PaperFlow-Stream\PaperFlow-Stream\packaging\windows\..\..\dist\PaperFlowHub\_internal\sqlalchemy\dialects\mysql\mysqldb.py
   Compressing: D:\a\PaperFlow-Stream\PaperFlow-Stream\packaging\windows\..\..\dist\PaperFlowHub\_internal\sqlalchemy\dialects\mysql\provision.py
   Compressing: D:\a\PaperFlow-Stream\PaperFlow-Stream\packaging\windows\..\..\dist\PaperFlowHub\_internal\sqlalchemy\dialects\mysql\pymysql.py
   Compressing: D:\a\PaperFlow-Stream\PaperFlow-Stream\packaging\windows\..\..\dist\PaperFlowHub\_internal\sqlalchemy\dialects\mysql\pyodbc.py
   Compressing: D:\a\PaperFlow-Stream\PaperFlow-Stream\packaging\windows\..\..\dist\PaperFlowHub\_internal\sqlalchemy\dialects\mysql\reflection.py
   Compressing: D:\a\PaperFlow-Stream\PaperFlow-Stream\packaging\windows\..\..\dist\PaperFlowHub\_internal\sqlalchemy\dialects\mysql\reserved_words.py
   Compressing: D:\a\PaperFlow-Stream\PaperFlow-Stream\packaging\windows\..\..\dist\PaperFlowHub\_internal\sqlalchemy\dialects\mysql\types.py
   Compressing: D:\a\PaperFlow-Stream\PaperFlow-Stream\packaging\windows\..\..\dist\PaperFlowHub\_internal\sqlalchemy\dialects\mysql\__init__.py
   Compressing: D:\a\PaperFlow-Stream\PaperFlow-Stream\packaging\windows\..\..\dist\PaperFlowHub\_internal\sqlalchemy\dialects\oracle\base.py
   Compressing: D:\a\PaperFlow-Stream\PaperFlow-Stream\packaging\windows\..\..\dist\PaperFlowHub\_internal\sqlalchemy\dialects\oracle\cx_oracle.py
   Compressing: D:\a\PaperFlow-Stream\PaperFlow-Stream\packaging\windows\..\..\dist\PaperFlowHub\_internal\sqlalchemy\dialects\oracle\dictionary.py
   Compressing: D:\a\PaperFlow-Stream\PaperFlow-Stream\packaging\windows\..\..\dist\PaperFlowHub\_internal\sqlalchemy\dialects\oracle\oracledb.py
   Compressing: D:\a\PaperFlow-Stream\PaperFlow-Stream\packaging\windows\..\..\dist\PaperFlowHub\_internal\sqlalchemy\dialects\oracle\provision.py
   Compressing: D:\a\PaperFlow-Stream\PaperFlow-Stream\packaging\windows\..\..\dist\PaperFlowHub\_internal\sqlalchemy\dialects\oracle\types.py
   Compressing: D:\a\PaperFlow-Stream\PaperFlow-Stream\packaging\windows\..\..\dist\PaperFlowHub\_internal\sqlalchemy\dialects\oracle\vector.py
   Compressing: D:\a\PaperFlow-Stream\PaperFlow-Stream\packaging\windows\..\..\dist\PaperFlowHub\_internal\sqlalchemy\dialects\oracle\__init__.py
   Compressing: D:\a\PaperFlow-Stream\PaperFlow-Stream\packaging\windows\..\..\dist\PaperFlowHub\_internal\sqlalchemy\dialects\postgresql\array.py
   Compressing: D:\a\PaperFlow-Stream\PaperFlow-Stream\packaging\windows\..\..\dist\PaperFlowHub\_internal\sqlalchemy\dialects\postgresql\asyncpg.py
   Compressing: D:\a\PaperFlow-Stream\PaperFlow-Stream\packaging\windows\..\..\dist\PaperFlowHub\_internal\sqlalchemy\dialects\postgresql\base.py
   Compressing: D:\a\PaperFlow-Stream\PaperFlow-Stream\packaging\windows\..\..\dist\PaperFlowHub\_internal\sqlalchemy\dialects\postgresql\dml.py
   Compressing: D:\a\PaperFlow-Stream\PaperFlow-Stream\packaging\windows\..\..\dist\PaperFlowHub\_internal\sqlalchemy\dialects\postgresql\ext.py
   Compressing: D:\a\PaperFlow-Stream\PaperFlow-Stream\packaging\windows\..\..\dist\PaperFlowHub\_internal\sqlalchemy\dialects\postgresql\hstore.py
   Compressing: D:\a\PaperFlow-Stream\PaperFlow-Stream\packaging\windows\..\..\dist\PaperFlowHub\_internal\sqlalchemy\dialects\postgresql\json.py
   Compressing: D:\a\PaperFlow-Stream\PaperFlow-Stream\packaging\windows\..\..\dist\PaperFlowHub\_internal\sqlalchemy\dialects\postgresql\named_types.py
   Compressing: D:\a\PaperFlow-Stream\PaperFlow-Stream\packaging\windows\..\..\dist\PaperFlowHub\_internal\sqlalchemy\dialects\postgresql\operators.py
   Compressing: D:\a\PaperFlow-Stream\PaperFlow-Stream\packaging\windows\..\..\dist\PaperFlowHub\_internal\sqlalchemy\dialects\postgresql\pg8000.py
   Compressing: D:\a\PaperFlow-Stream\PaperFlow-Stream\packaging\windows\..\..\dist\PaperFlowHub\_internal\sqlalchemy\dialects\postgresql\pg_catalog.py
   Compressing: D:\a\PaperFlow-Stream\PaperFlow-Stream\packaging\windows\..\..\dist\PaperFlowHub\_internal\sqlalchemy\dialects\postgresql\provision.py
   Compressing: D:\a\PaperFlow-Stream\PaperFlow-Stream\packaging\windows\..\..\dist\PaperFlowHub\_internal\sqlalchemy\dialects\postgresql\psycopg.py
   Compressing: D:\a\PaperFlow-Stream\PaperFlow-Stream\packaging\windows\..\..\dist\PaperFlowHub\_internal\sqlalchemy\dialects\postgresql\psycopg2.py
   Compressing: D:\a\PaperFlow-Stream\PaperFlow-Stream\packaging\windows\..\..\dist\PaperFlowHub\_internal\sqlalchemy\dialects\postgresql\psycopg2cffi.py
   Compressing: D:\a\PaperFlow-Stream\PaperFlow-Stream\packaging\windows\..\..\dist\PaperFlowHub\_internal\sqlalchemy\dialects\postgresql\ranges.py
   Compressing: D:\a\PaperFlow-Stream\PaperFlow-Stream\packaging\windows\..\..\dist\PaperFlowHub\_internal\sqlalchemy\dialects\postgresql\types.py
   Compressing: D:\a\PaperFlow-Stream\PaperFlow-Stream\packaging\windows\..\..\dist\PaperFlowHub\_internal\sqlalchemy\dialects\postgresql\_psycopg_common.py
   Compressing: D:\a\PaperFlow-Stream\PaperFlow-Stream\packaging\windows\..\..\dist\PaperFlowHub\_internal\sqlalchemy\dialects\postgresql\__init__.py
   Compressing: D:\a\PaperFlow-Stream\PaperFlow-Stream\packaging\windows\..\..\dist\PaperFlowHub\_internal\sqlalchemy\dialects\sqlite\aiosqlite.py
   Compressing: D:\a\PaperFlow-Stream\PaperFlow-Stream\packaging\windows\..\..\dist\PaperFlowHub\_internal\sqlalchemy\dialects\sqlite\base.py
   Compressing: D:\a\PaperFlow-Stream\PaperFlow-Stream\packaging\windows\..\..\dist\PaperFlowHub\_internal\sqlalchemy\dialects\sqlite\dml.py
   Compressing: D:\a\PaperFlow-Stream\PaperFlow-Stream\packaging\windows\..\..\dist\PaperFlowHub\_internal\sqlalchemy\dialects\sqlite\json.py
   Compressing: D:\a\PaperFlow-Stream\PaperFlow-Stream\packaging\windows\..\..\dist\PaperFlowHub\_internal\sqlalchemy\dialects\sqlite\provision.py
   Compressing: D:\a\PaperFlow-Stream\PaperFlow-Stream\packaging\windows\..\..\dist\PaperFlowHub\_internal\sqlalchemy\dialects\sqlite\pysqlcipher.py
   Compressing: D:\a\PaperFlow-Stream\PaperFlow-Stream\packaging\windows\..\..\dist\PaperFlowHub\_internal\sqlalchemy\dialects\sqlite\pysqlite.py
   Compressing: D:\a\PaperFlow-Stream\PaperFlow-Stream\packaging\windows\..\..\dist\PaperFlowHub\_internal\sqlalchemy\dialects\sqlite\__init__.py
   Compressing: D:\a\PaperFlow-Stream\PaperFlow-Stream\packaging\windows\..\..\dist\PaperFlowHub\_internal\sqlalchemy\engine\base.py
   Compressing: D:\a\PaperFlow-Stream\PaperFlow-Stream\packaging\windows\..\..\dist\PaperFlowHub\_internal\sqlalchemy\engine\characteristics.py
   Compressing: D:\a\PaperFlow-Stream\PaperFlow-Stream\packaging\windows\..\..\dist\PaperFlowHub\_internal\sqlalchemy\engine\create.py
   Compressing: D:\a\PaperFlow-Stream\PaperFlow-Stream\packaging\windows\..\..\dist\PaperFlowHub\_internal\sqlalchemy\engine\cursor.py
   Compressing: D:\a\PaperFlow-Stream\PaperFlow-Stream\packaging\windows\..\..\dist\PaperFlowHub\_internal\sqlalchemy\engine\default.py
   Compressing: D:\a\PaperFlow-Stream\PaperFlow-Stream\packaging\windows\..\..\dist\PaperFlowHub\_internal\sqlalchemy\engine\events.py
   Compressing: D:\a\PaperFlow-Stream\PaperFlow-Stream\packaging\windows\..\..\dist\PaperFlowHub\_internal\sqlalchemy\engine\interfaces.py
   Compressing: D:\a\PaperFlow-Stream\PaperFlow-Stream\packaging\windows\..\..\dist\PaperFlowHub\_internal\sqlalchemy\engine\mock.py
   Compressing: D:\a\PaperFlow-Stream\PaperFlow-Stream\packaging\windows\..\..\dist\PaperFlowHub\_internal\sqlalchemy\engine\processors.py
   Compressing: D:\a\PaperFlow-Stream\PaperFlow-Stream\packaging\windows\..\..\dist\PaperFlowHub\_internal\sqlalchemy\engine\reflection.py
   Compressing: D:\a\PaperFlow-Stream\PaperFlow-Stream\packaging\windows\..\..\dist\PaperFlowHub\_internal\sqlalchemy\engine\result.py
   Compressing: D:\a\PaperFlow-Stream\PaperFlow-Stream\packaging\windows\..\..\dist\PaperFlowHub\_internal\sqlalchemy\engine\row.py
   Compressing: D:\a\PaperFlow-Stream\PaperFlow-Stream\packaging\windows\..\..\dist\PaperFlowHub\_internal\sqlalchemy\engine\strategies.py
   Compressing: D:\a\PaperFlow-Stream\PaperFlow-Stream\packaging\windows\..\..\dist\PaperFlowHub\_internal\sqlalchemy\engine\url.py
   Compressing: D:\a\PaperFlow-Stream\PaperFlow-Stream\packaging\windows\..\..\dist\PaperFlowHub\_internal\sqlalchemy\engine\util.py
   Compressing: D:\a\PaperFlow-Stream\PaperFlow-Stream\packaging\windows\..\..\dist\PaperFlowHub\_internal\sqlalchemy\engine\_py_processors.py
   Compressing: D:\a\PaperFlow-Stream\PaperFlow-Stream\packaging\windows\..\..\dist\PaperFlowHub\_internal\sqlalchemy\engine\_py_row.py
   Compressing: D:\a\PaperFlow-Stream\PaperFlow-Stream\packaging\windows\..\..\dist\PaperFlowHub\_internal\sqlalchemy\engine\_py_util.py
   Compressing: D:\a\PaperFlow-Stream\PaperFlow-Stream\packaging\windows\..\..\dist\PaperFlowHub\_internal\sqlalchemy\engine\__init__.py
   Compressing: D:\a\PaperFlow-Stream\PaperFlow-Stream\packaging\windows\..\..\dist\PaperFlowHub\_internal\sqlalchemy\event\api.py
   Compressing: D:\a\PaperFlow-Stream\PaperFlow-Stream\packaging\windows\..\..\dist\PaperFlowHub\_internal\sqlalchemy\event\attr.py
   Compressing: D:\a\PaperFlow-Stream\PaperFlow-Stream\packaging\windows\..\..\dist\PaperFlowHub\_internal\sqlalchemy\event\base.py
   Compressing: D:\a\PaperFlow-Stream\PaperFlow-Stream\packaging\windows\..\..\dist\PaperFlowHub\_internal\sqlalchemy\event\legacy.py
   Compressing: D:\a\PaperFlow-Stream\PaperFlow-Stream\packaging\windows\..\..\dist\PaperFlowHub\_internal\sqlalchemy\event\registry.py
   Compressing: D:\a\PaperFlow-Stream\PaperFlow-Stream\packaging\windows\..\..\dist\PaperFlowHub\_internal\sqlalchemy\event\__init__.py
   Compressing: D:\a\PaperFlow-Stream\PaperFlow-Stream\packaging\windows\..\..\dist\PaperFlowHub\_internal\sqlalchemy\ext\associationproxy.py
   Compressing: D:\a\PaperFlow-Stream\PaperFlow-Stream\packaging\windows\..\..\dist\PaperFlowHub\_internal\sqlalchemy\ext\automap.py
   Compressing: D:\a\PaperFlow-Stream\PaperFlow-Stream\packaging\windows\..\..\dist\PaperFlowHub\_internal\sqlalchemy\ext\baked.py
   Compressing: D:\a\PaperFlow-Stream\PaperFlow-Stream\packaging\windows\..\..\dist\PaperFlowHub\_internal\sqlalchemy\ext\compiler.py
   Compressing: D:\a\PaperFlow-Stream\PaperFlow-Stream\packaging\windows\..\..\dist\PaperFlowHub\_internal\sqlalchemy\ext\horizontal_shard.py
   Compressing: D:\a\PaperFlow-Stream\PaperFlow-Stream\packaging\windows\..\..\dist\PaperFlowHub\_internal\sqlalchemy\ext\hybrid.py
   Compressing: D:\a\PaperFlow-Stream\PaperFlow-Stream\packaging\windows\..\..\dist\PaperFlowHub\_internal\sqlalchemy\ext\indexable.py
   Compressing: D:\a\PaperFlow-Stream\PaperFlow-Stream\packaging\windows\..\..\dist\PaperFlowHub\_internal\sqlalchemy\ext\instrumentation.py
   Compressing: D:\a\PaperFlow-Stream\PaperFlow-Stream\packaging\windows\..\..\dist\PaperFlowHub\_internal\sqlalchemy\ext\mutable.py
   Compressing: D:\a\PaperFlow-Stream\PaperFlow-Stream\packaging\windows\..\..\dist\PaperFlowHub\_internal\sqlalchemy\ext\orderinglist.py
   Compressing: D:\a\PaperFlow-Stream\PaperFlow-Stream\packaging\windows\..\..\dist\PaperFlowHub\_internal\sqlalchemy\ext\serializer.py
   Compressing: D:\a\PaperFlow-Stream\PaperFlow-Stream\packaging\windows\..\..\dist\PaperFlowHub\_internal\sqlalchemy\ext\__init__.py
   Compressing: D:\a\PaperFlow-Stream\PaperFlow-Stream\packaging\windows\..\..\dist\PaperFlowHub\_internal\sqlalchemy\ext\asyncio\base.py
   Compressing: D:\a\PaperFlow-Stream\PaperFlow-Stream\packaging\windows\..\..\dist\PaperFlowHub\_internal\sqlalchemy\ext\asyncio\engine.py
   Compressing: D:\a\PaperFlow-Stream\PaperFlow-Stream\packaging\windows\..\..\dist\PaperFlowHub\_internal\sqlalchemy\ext\asyncio\exc.py
   Compressing: D:\a\PaperFlow-Stream\PaperFlow-Stream\packaging\windows\..\..\dist\PaperFlowHub\_internal\sqlalchemy\ext\asyncio\result.py
   Compressing: D:\a\PaperFlow-Stream\PaperFlow-Stream\packaging\windows\..\..\dist\PaperFlowHub\_internal\sqlalchemy\ext\asyncio\scoping.py
   Compressing: D:\a\PaperFlow-Stream\PaperFlow-Stream\packaging\windows\..\..\dist\PaperFlowHub\_internal\sqlalchemy\ext\asyncio\session.py
   Compressing: D:\a\PaperFlow-Stream\PaperFlow-Stream\packaging\windows\..\..\dist\PaperFlowHub\_internal\sqlalchemy\ext\asyncio\__init__.py
   Compressing: D:\a\PaperFlow-Stream\PaperFlow-Stream\packaging\windows\..\..\dist\PaperFlowHub\_internal\sqlalchemy\ext\declarative\extensions.py
   Compressing: D:\a\PaperFlow-Stream\PaperFlow-Stream\packaging\windows\..\..\dist\PaperFlowHub\_internal\sqlalchemy\ext\declarative\__init__.py
   Compressing: D:\a\PaperFlow-Stream\PaperFlow-Stream\packaging\windows\..\..\dist\PaperFlowHub\_internal\sqlalchemy\ext\mypy\apply.py
   Compressing: D:\a\PaperFlow-Stream\PaperFlow-Stream\packaging\windows\..\..\dist\PaperFlowHub\_internal\sqlalchemy\ext\mypy\decl_class.py
   Compressing: D:\a\PaperFlow-Stream\PaperFlow-Stream\packaging\windows\..\..\dist\PaperFlowHub\_internal\sqlalchemy\ext\mypy\infer.py
   Compressing: D:\a\PaperFlow-Stream\PaperFlow-Stream\packaging\windows\..\..\dist\PaperFlowHub\_internal\sqlalchemy\ext\mypy\names.py
   Compressing: D:\a\PaperFlow-Stream\PaperFlow-Stream\packaging\windows\..\..\dist\PaperFlowHub\_internal\sqlalchemy\ext\mypy\plugin.py
   Compressing: D:\a\PaperFlow-Stream\PaperFlow-Stream\packaging\windows\..\..\dist\PaperFlowHub\_internal\sqlalchemy\ext\mypy\util.py
   Compressing: D:\a\PaperFlow-Stream\PaperFlow-Stream\packaging\windows\..\..\dist\PaperFlowHub\_internal\sqlalchemy\ext\mypy\__init__.py
   Compressing: D:\a\PaperFlow-Stream\PaperFlow-Stream\packaging\windows\..\..\dist\PaperFlowHub\_internal\sqlalchemy\future\engine.py
   Compressing: D:\a\PaperFlow-Stream\PaperFlow-Stream\packaging\windows\..\..\dist\PaperFlowHub\_internal\sqlalchemy\future\__init__.py
   Compressing: D:\a\PaperFlow-Stream\PaperFlow-Stream\packaging\windows\..\..\dist\PaperFlowHub\_internal\sqlalchemy\orm\attributes.py
   Compressing: D:\a\PaperFlow-Stream\PaperFlow-Stream\packaging\windows\..\..\dist\PaperFlowHub\_internal\sqlalchemy\orm\base.py
   Compressing: D:\a\PaperFlow-Stream\PaperFlow-Stream\packaging\windows\..\..\dist\PaperFlowHub\_internal\sqlalchemy\orm\bulk_persistence.py
   Compressing: D:\a\PaperFlow-Stream\PaperFlow-Stream\packaging\windows\..\..\dist\PaperFlowHub\_internal\sqlalchemy\orm\clsregistry.py
   Compressing: D:\a\PaperFlow-Stream\PaperFlow-Stream\packaging\windows\..\..\dist\PaperFlowHub\_internal\sqlalchemy\orm\collections.py
   Compressing: D:\a\PaperFlow-Stream\PaperFlow-Stream\packaging\windows\..\..\dist\PaperFlowHub\_internal\sqlalchemy\orm\context.py
   Compressing: D:\a\PaperFlow-Stream\PaperFlow-Stream\packaging\windows\..\..\dist\PaperFlowHub\_internal\sqlalchemy\orm\decl_api.py
   Compressing: D:\a\PaperFlow-Stream\PaperFlow-Stream\packaging\windows\..\..\dist\PaperFlowHub\_internal\sqlalchemy\orm\decl_base.py
   Compressing: D:\a\PaperFlow-Stream\PaperFlow-Stream\packaging\windows\..\..\dist\PaperFlowHub\_internal\sqlalchemy\orm\dependency.py
   Compressing: D:\a\PaperFlow-Stream\PaperFlow-Stream\packaging\windows\..\..\dist\PaperFlowHub\_internal\sqlalchemy\orm\descriptor_props.py
   Compressing: D:\a\PaperFlow-Stream\PaperFlow-Stream\packaging\windows\..\..\dist\PaperFlowHub\_internal\sqlalchemy\orm\dynamic.py
   Compressing: D:\a\PaperFlow-Stream\PaperFlow-Stream\packaging\windows\..\..\dist\PaperFlowHub\_internal\sqlalchemy\orm\evaluator.py
   Compressing: D:\a\PaperFlow-Stream\PaperFlow-Stream\packaging\windows\..\..\dist\PaperFlowHub\_internal\sqlalchemy\orm\events.py
   Compressing: D:\a\PaperFlow-Stream\PaperFlow-Stream\packaging\windows\..\..\dist\PaperFlowHub\_internal\sqlalchemy\orm\exc.py
   Compressing: D:\a\PaperFlow-Stream\PaperFlow-Stream\packaging\windows\..\..\dist\PaperFlowHub\_internal\sqlalchemy\orm\identity.py
   Compressing: D:\a\PaperFlow-Stream\PaperFlow-Stream\packaging\windows\..\..\dist\PaperFlowHub\_internal\sqlalchemy\orm\instrumentation.py
   Compressing: D:\a\PaperFlow-Stream\PaperFlow-Stream\packaging\windows\..\..\dist\PaperFlowHub\_internal\sqlalchemy\orm\interfaces.py
   Compressing: D:\a\PaperFlow-Stream\PaperFlow-Stream\packaging\windows\..\..\dist\PaperFlowHub\_internal\sqlalchemy\orm\loading.py
   Compressing: D:\a\PaperFlow-Stream\PaperFlow-Stream\packaging\windows\..\..\dist\PaperFlowHub\_internal\sqlalchemy\orm\mapped_collection.py
   Compressing: D:\a\PaperFlow-Stream\PaperFlow-Stream\packaging\windows\..\..\dist\PaperFlowHub\_internal\sqlalchemy\orm\mapper.py
   Compressing: D:\a\PaperFlow-Stream\PaperFlow-Stream\packaging\windows\..\..\dist\PaperFlowHub\_internal\sqlalchemy\orm\path_registry.py
   Compressing: D:\a\PaperFlow-Stream\PaperFlow-Stream\packaging\windows\..\..\dist\PaperFlowHub\_internal\sqlalchemy\orm\persistence.py
   Compressing: D:\a\PaperFlow-Stream\PaperFlow-Stream\packaging\windows\..\..\dist\PaperFlowHub\_internal\sqlalchemy\orm\properties.py
   Compressing: D:\a\PaperFlow-Stream\PaperFlow-Stream\packaging\windows\..\..\dist\PaperFlowHub\_internal\sqlalchemy\orm\query.py
   Compressing: D:\a\PaperFlow-Stream\PaperFlow-Stream\packaging\windows\..\..\dist\PaperFlowHub\_internal\sqlalchemy\orm\relationships.py
   Compressing: D:\a\PaperFlow-Stream\PaperFlow-Stream\packaging\windows\..\..\dist\PaperFlowHub\_internal\sqlalchemy\orm\scoping.py
   Compressing: D:\a\PaperFlow-Stream\PaperFlow-Stream\packaging\windows\..\..\dist\PaperFlowHub\_internal\sqlalchemy\orm\session.py
   Compressing: D:\a\PaperFlow-Stream\PaperFlow-Stream\packaging\windows\..\..\dist\PaperFlowHub\_internal\sqlalchemy\orm\state.py
   Compressing: D:\a\PaperFlow-Stream\PaperFlow-Stream\packaging\windows\..\..\dist\PaperFlowHub\_internal\sqlalchemy\orm\state_changes.py
   Compressing: D:\a\PaperFlow-Stream\PaperFlow-Stream\packaging\windows\..\..\dist\PaperFlowHub\_internal\sqlalchemy\orm\strategies.py
   Compressing: D:\a\PaperFlow-Stream\PaperFlow-Stream\packaging\windows\..\..\dist\PaperFlowHub\_internal\sqlalchemy\orm\strategy_options.py
   Compressing: D:\a\PaperFlow-Stream\PaperFlow-Stream\packaging\windows\..\..\dist\PaperFlowHub\_internal\sqlalchemy\orm\sync.py
   Compressing: D:\a\PaperFlow-Stream\PaperFlow-Stream\packaging\windows\..\..\dist\PaperFlowHub\_internal\sqlalchemy\orm\unitofwork.py
   Compressing: D:\a\PaperFlow-Stream\PaperFlow-Stream\packaging\windows\..\..\dist\PaperFlowHub\_internal\sqlalchemy\orm\util.py
   Compressing: D:\a\PaperFlow-Stream\PaperFlow-Stream\packaging\windows\..\..\dist\PaperFlowHub\_internal\sqlalchemy\orm\writeonly.py
   Compressing: D:\a\PaperFlow-Stream\PaperFlow-Stream\packaging\windows\..\..\dist\PaperFlowHub\_internal\sqlalchemy\orm\_orm_constructors.py
   Compressing: D:\a\PaperFlow-Stream\PaperFlow-Stream\packaging\windows\..\..\dist\PaperFlowHub\_internal\sqlalchemy\orm\_typing.py
   Compressing: D:\a\PaperFlow-Stream\PaperFlow-Stream\packaging\windows\..\..\dist\PaperFlowHub\_internal\sqlalchemy\orm\__init__.py
   Compressing: D:\a\PaperFlow-Stream\PaperFlow-Stream\packaging\windows\..\..\dist\PaperFlowHub\_internal\sqlalchemy\pool\base.py
   Compressing: D:\a\PaperFlow-Stream\PaperFlow-Stream\packaging\windows\..\..\dist\PaperFlowHub\_internal\sqlalchemy\pool\events.py
   Compressing: D:\a\PaperFlow-Stream\PaperFlow-Stream\packaging\windows\..\..\dist\PaperFlowHub\_internal\sqlalchemy\pool\impl.py
   Compressing: D:\a\PaperFlow-Stream\PaperFlow-Stream\packaging\windows\..\..\dist\PaperFlowHub\_internal\sqlalchemy\pool\__init__.py
   Compressing: D:\a\PaperFlow-Stream\PaperFlow-Stream\packaging\windows\..\..\dist\PaperFlowHub\_internal\sqlalchemy\sql\annotation.py
   Compressing: D:\a\PaperFlow-Stream\PaperFlow-Stream\packaging\windows\..\..\dist\PaperFlowHub\_internal\sqlalchemy\sql\base.py
   Compressing: D:\a\PaperFlow-Stream\PaperFlow-Stream\packaging\windows\..\..\dist\PaperFlowHub\_internal\sqlalchemy\sql\cache_key.py
   Compressing: D:\a\PaperFlow-Stream\PaperFlow-Stream\packaging\windows\..\..\dist\PaperFlowHub\_internal\sqlalchemy\sql\coercions.py
   Compressing: D:\a\PaperFlow-Stream\PaperFlow-Stream\packaging\windows\..\..\dist\PaperFlowHub\_internal\sqlalchemy\sql\compiler.py
   Compressing: D:\a\PaperFlow-Stream\PaperFlow-Stream\packaging\windows\..\..\dist\PaperFlowHub\_internal\sqlalchemy\sql\crud.py
   Compressing: D:\a\PaperFlow-Stream\PaperFlow-Stream\packaging\windows\..\..\dist\PaperFlowHub\_internal\sqlalchemy\sql\ddl.py
   Compressing: D:\a\PaperFlow-Stream\PaperFlow-Stream\packaging\windows\..\..\dist\PaperFlowHub\_internal\sqlalchemy\sql\default_comparator.py
   Compressing: D:\a\PaperFlow-Stream\PaperFlow-Stream\packaging\windows\..\..\dist\PaperFlowHub\_internal\sqlalchemy\sql\dml.py
   Compressing: D:\a\PaperFlow-Stream\PaperFlow-Stream\packaging\windows\..\..\dist\PaperFlowHub\_internal\sqlalchemy\sql\elements.py
   Compressing: D:\a\PaperFlow-Stream\PaperFlow-Stream\packaging\windows\..\..\dist\PaperFlowHub\_internal\sqlalchemy\sql\events.py
   Compressing: D:\a\PaperFlow-Stream\PaperFlow-Stream\packaging\windows\..\..\dist\PaperFlowHub\_internal\sqlalchemy\sql\expression.py
   Compressing: D:\a\PaperFlow-Stream\PaperFlow-Stream\packaging\windows\..\..\dist\PaperFlowHub\_internal\sqlalchemy\sql\functions.py
   Compressing: D:\a\PaperFlow-Stream\PaperFlow-Stream\packaging\windows\..\..\dist\PaperFlowHub\_internal\sqlalchemy\sql\lambdas.py
   Compressing: D:\a\PaperFlow-Stream\PaperFlow-Stream\packaging\windows\..\..\dist\PaperFlowHub\_internal\sqlalchemy\sql\naming.py
   Compressing: D:\a\PaperFlow-Stream\PaperFlow-Stream\packaging\windows\..\..\dist\PaperFlowHub\_internal\sqlalchemy\sql\operators.py
   Compressing: D:\a\PaperFlow-Stream\PaperFlow-Stream\packaging\windows\..\..\dist\PaperFlowHub\_internal\sqlalchemy\sql\roles.py
   Compressing: D:\a\PaperFlow-Stream\PaperFlow-Stream\packaging\windows\..\..\dist\PaperFlowHub\_internal\sqlalchemy\sql\schema.py
   Compressing: D:\a\PaperFlow-Stream\PaperFlow-Stream\packaging\windows\..\..\dist\PaperFlowHub\_internal\sqlalchemy\sql\selectable.py
   Compressing: D:\a\PaperFlow-Stream\PaperFlow-Stream\packaging\windows\..\..\dist\PaperFlowHub\_internal\sqlalchemy\sql\sqltypes.py
   Compressing: D:\a\PaperFlow-Stream\PaperFlow-Stream\packaging\windows\..\..\dist\PaperFlowHub\_internal\sqlalchemy\sql\traversals.py
   Compressing: D:\a\PaperFlow-Stream\PaperFlow-Stream\packaging\windows\..\..\dist\PaperFlowHub\_internal\sqlalchemy\sql\type_api.py
   Compressing: D:\a\PaperFlow-Stream\PaperFlow-Stream\packaging\windows\..\..\dist\PaperFlowHub\_internal\sqlalchemy\sql\util.py
   Compressing: D:\a\PaperFlow-Stream\PaperFlow-Stream\packaging\windows\..\..\dist\PaperFlowHub\_internal\sqlalchemy\sql\visitors.py
   Compressing: D:\a\PaperFlow-Stream\PaperFlow-Stream\packaging\windows\..\..\dist\PaperFlowHub\_internal\sqlalchemy\sql\_dml_constructors.py
   Compressing: D:\a\PaperFlow-Stream\PaperFlow-Stream\packaging\windows\..\..\dist\PaperFlowHub\_internal\sqlalchemy\sql\_elements_constructors.py
   Compressing: D:\a\PaperFlow-Stream\PaperFlow-Stream\packaging\windows\..\..\dist\PaperFlowHub\_internal\sqlalchemy\sql\_orm_types.py
   Compressing: D:\a\PaperFlow-Stream\PaperFlow-Stream\packaging\windows\..\..\dist\PaperFlowHub\_internal\sqlalchemy\sql\_py_util.py
   Compressing: D:\a\PaperFlow-Stream\PaperFlow-Stream\packaging\windows\..\..\dist\PaperFlowHub\_internal\sqlalchemy\sql\_selectable_constructors.py
   Compressing: D:\a\PaperFlow-Stream\PaperFlow-Stream\packaging\windows\..\..\dist\PaperFlowHub\_internal\sqlalchemy\sql\_typing.py
   Compressing: D:\a\PaperFlow-Stream\PaperFlow-Stream\packaging\windows\..\..\dist\PaperFlowHub\_internal\sqlalchemy\sql\__init__.py
   Compressing: D:\a\PaperFlow-Stream\PaperFlow-Stream\packaging\windows\..\..\dist\PaperFlowHub\_internal\sqlalchemy\testing\assertions.py
   Compressing: D:\a\PaperFlow-Stream\PaperFlow-Stream\packaging\windows\..\..\dist\PaperFlowHub\_internal\sqlalchemy\testing\assertsql.py
   Compressing: D:\a\PaperFlow-Stream\PaperFlow-Stream\packaging\windows\..\..\dist\PaperFlowHub\_internal\sqlalchemy\testing\asyncio.py
   Compressing: D:\a\PaperFlow-Stream\PaperFlow-Stream\packaging\windows\..\..\dist\PaperFlowHub\_internal\sqlalchemy\testing\config.py
   Compressing: D:\a\PaperFlow-Stream\PaperFlow-Stream\packaging\windows\..\..\dist\PaperFlowHub\_internal\sqlalchemy\testing\engines.py
   Compressing: D:\a\PaperFlow-Stream\PaperFlow-Stream\packaging\windows\..\..\dist\PaperFlowHub\_internal\sqlalchemy\testing\entities.py
   Compressing: D:\a\PaperFlow-Stream\PaperFlow-Stream\packaging\windows\..\..\dist\PaperFlowHub\_internal\sqlalchemy\testing\exclusions.py
   Compressing: D:\a\PaperFlow-Stream\PaperFlow-Stream\packaging\windows\..\..\dist\PaperFlowHub\_internal\sqlalchemy\testing\pickleable.py
   Compressing: D:\a\PaperFlow-Stream\PaperFlow-Stream\packaging\windows\..\..\dist\PaperFlowHub\_internal\sqlalchemy\testing\profiling.py
   Compressing: D:\a\PaperFlow-Stream\PaperFlow-Stream\packaging\windows\..\..\dist\PaperFlowHub\_internal\sqlalchemy\testing\provision.py
   Compressing: D:\a\PaperFlow-Stream\PaperFlow-Stream\packaging\windows\..\..\dist\PaperFlowHub\_internal\sqlalchemy\testing\requirements.py
   Compressing: D:\a\PaperFlow-Stream\PaperFlow-Stream\packaging\windows\..\..\dist\PaperFlowHub\_internal\sqlalchemy\testing\schema.py
   Compressing: D:\a\PaperFlow-Stream\PaperFlow-Stream\packaging\windows\..\..\dist\PaperFlowHub\_internal\sqlalchemy\testing\util.py
   Compressing: D:\a\PaperFlow-Stream\PaperFlow-Stream\packaging\windows\..\..\dist\PaperFlowHub\_internal\sqlalchemy\testing\warnings.py
   Compressing: D:\a\PaperFlow-Stream\PaperFlow-Stream\packaging\windows\..\..\dist\PaperFlowHub\_internal\sqlalchemy\testing\__init__.py
   Compressing: D:\a\PaperFlow-Stream\PaperFlow-Stream\packaging\windows\..\..\dist\PaperFlowHub\_internal\sqlalchemy\testing\fixtures\base.py
   Compressing: D:\a\PaperFlow-Stream\PaperFlow-Stream\packaging\windows\..\..\dist\PaperFlowHub\_internal\sqlalchemy\testing\fixtures\mypy.py
   Compressing: D:\a\PaperFlow-Stream\PaperFlow-Stream\packaging\windows\..\..\dist\PaperFlowHub\_internal\sqlalchemy\testing\fixtures\orm.py
   Compressing: D:\a\PaperFlow-Stream\PaperFlow-Stream\packaging\windows\..\..\dist\PaperFlowHub\_internal\sqlalchemy\testing\fixtures\sql.py
   Compressing: D:\a\PaperFlow-Stream\PaperFlow-Stream\packaging\windows\..\..\dist\PaperFlowHub\_internal\sqlalchemy\testing\fixtures\__init__.py
   Compressing: D:\a\PaperFlow-Stream\PaperFlow-Stream\packaging\windows\..\..\dist\PaperFlowHub\_internal\sqlalchemy\testing\plugin\bootstrap.py
   Compressing: D:\a\PaperFlow-Stream\PaperFlow-Stream\packaging\windows\..\..\dist\PaperFlowHub\_internal\sqlalchemy\testing\plugin\plugin_base.py
   Compressing: D:\a\PaperFlow-Stream\PaperFlow-Stream\packaging\windows\..\..\dist\PaperFlowHub\_internal\sqlalchemy\testing\plugin\pytestplugin.py
   Compressing: D:\a\PaperFlow-Stream\PaperFlow-Stream\packaging\windows\..\..\dist\PaperFlowHub\_internal\sqlalchemy\testing\plugin\__init__.py
   Compressing: D:\a\PaperFlow-Stream\PaperFlow-Stream\packaging\windows\..\..\dist\PaperFlowHub\_internal\sqlalchemy\testing\suite\test_cte.py
   Compressing: D:\a\PaperFlow-Stream\PaperFlow-Stream\packaging\windows\..\..\dist\PaperFlowHub\_internal\sqlalchemy\testing\suite\test_ddl.py
   Compressing: D:\a\PaperFlow-Stream\PaperFlow-Stream\packaging\windows\..\..\dist\PaperFlowHub\_internal\sqlalchemy\testing\suite\test_deprecations.py
   Compressing: D:\a\PaperFlow-Stream\PaperFlow-Stream\packaging\windows\..\..\dist\PaperFlowHub\_internal\sqlalchemy\testing\suite\test_dialect.py
   Compressing: D:\a\PaperFlow-Stream\PaperFlow-Stream\packaging\windows\..\..\dist\PaperFlowHub\_internal\sqlalchemy\testing\suite\test_insert.py
   Compressing: D:\a\PaperFlow-Stream\PaperFlow-Stream\packaging\windows\..\..\dist\PaperFlowHub\_internal\sqlalchemy\testing\suite\test_reflection.py
   Compressing: D:\a\PaperFlow-Stream\PaperFlow-Stream\packaging\windows\..\..\dist\PaperFlowHub\_internal\sqlalchemy\testing\suite\test_results.py
   Compressing: D:\a\PaperFlow-Stream\PaperFlow-Stream\packaging\windows\..\..\dist\PaperFlowHub\_internal\sqlalchemy\testing\suite\test_rowcount.py
   Compressing: D:\a\PaperFlow-Stream\PaperFlow-Stream\packaging\windows\..\..\dist\PaperFlowHub\_internal\sqlalchemy\testing\suite\test_select.py
   Compressing: D:\a\PaperFlow-Stream\PaperFlow-Stream\packaging\windows\..\..\dist\PaperFlowHub\_internal\sqlalchemy\testing\suite\test_sequence.py
   Compressing: D:\a\PaperFlow-Stream\PaperFlow-Stream\packaging\windows\..\..\dist\PaperFlowHub\_internal\sqlalchemy\testing\suite\test_types.py
   Compressing: D:\a\PaperFlow-Stream\PaperFlow-Stream\packaging\windows\..\..\dist\PaperFlowHub\_internal\sqlalchemy\testing\suite\test_unicode_ddl.py
   Compressing: D:\a\PaperFlow-Stream\PaperFlow-Stream\packaging\windows\..\..\dist\PaperFlowHub\_internal\sqlalchemy\testing\suite\test_update_delete.py
   Compressing: D:\a\PaperFlow-Stream\PaperFlow-Stream\packaging\windows\..\..\dist\PaperFlowHub\_internal\sqlalchemy\testing\suite\__init__.py
   Compressing: D:\a\PaperFlow-Stream\PaperFlow-Stream\packaging\windows\..\..\dist\PaperFlowHub\_internal\sqlalchemy\util\compat.py
   Compressing: D:\a\PaperFlow-Stream\PaperFlow-Stream\packaging\windows\..\..\dist\PaperFlowHub\_internal\sqlalchemy\util\concurrency.py
   Compressing: D:\a\PaperFlow-Stream\PaperFlow-Stream\packaging\windows\..\..\dist\PaperFlowHub\_internal\sqlalchemy\util\deprecations.py
   Compressing: D:\a\PaperFlow-Stream\PaperFlow-Stream\packaging\windows\..\..\dist\PaperFlowHub\_internal\sqlalchemy\util\langhelpers.py
   Compressing: D:\a\PaperFlow-Stream\PaperFlow-Stream\packaging\windows\..\..\dist\PaperFlowHub\_internal\sqlalchemy\util\preloaded.py
   Compressing: D:\a\PaperFlow-Stream\PaperFlow-Stream\packaging\windows\..\..\dist\PaperFlowHub\_internal\sqlalchemy\util\queue.py
   Compressing: D:\a\PaperFlow-Stream\PaperFlow-Stream\packaging\windows\..\..\dist\PaperFlowHub\_internal\sqlalchemy\util\tool_support.py
   Compressing: D:\a\PaperFlow-Stream\PaperFlow-Stream\packaging\windows\..\..\dist\PaperFlowHub\_internal\sqlalchemy\util\topological.py
   Compressing: D:\a\PaperFlow-Stream\PaperFlow-Stream\packaging\windows\..\..\dist\PaperFlowHub\_internal\sqlalchemy\util\typing.py
   Compressing: D:\a\PaperFlow-Stream\PaperFlow-Stream\packaging\windows\..\..\dist\PaperFlowHub\_internal\sqlalchemy\util\_collections.py
   Compressing: D:\a\PaperFlow-Stream\PaperFlow-Stream\packaging\windows\..\..\dist\PaperFlowHub\_internal\sqlalchemy\util\_concurrency_py3k.py
   Compressing: D:\a\PaperFlow-Stream\PaperFlow-Stream\packaging\windows\..\..\dist\PaperFlowHub\_internal\sqlalchemy\util\_has_cy.py
   Compressing: D:\a\PaperFlow-Stream\PaperFlow-Stream\packaging\windows\..\..\dist\PaperFlowHub\_internal\sqlalchemy\util\_py_collections.py
   Compressing: D:\a\PaperFlow-Stream\PaperFlow-Stream\packaging\windows\..\..\dist\PaperFlowHub\_internal\sqlalchemy\util\__init__.py
   Compressing: D:\a\PaperFlow-Stream\PaperFlow-Stream\packaging\windows\..\..\dist\PaperFlowHub\_internal\sqlalchemy-2.0.51.dist-info\INSTALLER
   Compressing: D:\a\PaperFlow-Stream\PaperFlow-Stream\packaging\windows\..\..\dist\PaperFlowHub\_internal\sqlalchemy-2.0.51.dist-info\METADATA
   Compressing: D:\a\PaperFlow-Stream\PaperFlow-Stream\packaging\windows\..\..\dist\PaperFlowHub\_internal\sqlalchemy-2.0.51.dist-info\RECORD
   Compressing: D:\a\PaperFlow-Stream\PaperFlow-Stream\packaging\windows\..\..\dist\PaperFlowHub\_internal\sqlalchemy-2.0.51.dist-info\REQUESTED
   Compressing: D:\a\PaperFlow-Stream\PaperFlow-Stream\packaging\windows\..\..\dist\PaperFlowHub\_internal\sqlalchemy-2.0.51.dist-info\top_level.txt
   Compressing: D:\a\PaperFlow-Stream\PaperFlow-Stream\packaging\windows\..\..\dist\PaperFlowHub\_internal\sqlalchemy-2.0.51.dist-info\WHEEL
   Compressing: D:\a\PaperFlow-Stream\PaperFlow-Stream\packaging\windows\..\..\dist\PaperFlowHub\_internal\sqlalchemy-2.0.51.dist-info\licenses\LICENSE
   Compressing: D:\a\PaperFlow-Stream\PaperFlow-Stream\packaging\windows\..\..\dist\PaperFlowHub\_internal\tqdm-4.69.1.dist-info\entry_points.txt
   Compressing: D:\a\PaperFlow-Stream\PaperFlow-Stream\packaging\windows\..\..\dist\PaperFlowHub\_internal\tqdm-4.69.1.dist-info\INSTALLER
   Compressing: D:\a\PaperFlow-Stream\PaperFlow-Stream\packaging\windows\..\..\dist\PaperFlowHub\_internal\tqdm-4.69.1.dist-info\METADATA
   Compressing: D:\a\PaperFlow-Stream\PaperFlow-Stream\packaging\windows\..\..\dist\PaperFlowHub\_internal\tqdm-4.69.1.dist-info\RECORD
   Compressing: D:\a\PaperFlow-Stream\PaperFlow-Stream\packaging\windows\..\..\dist\PaperFlowHub\_internal\tqdm-4.69.1.dist-info\top_level.txt
   Compressing: D:\a\PaperFlow-Stream\PaperFlow-Stream\packaging\windows\..\..\dist\PaperFlowHub\_internal\tqdm-4.69.1.dist-info\WHEEL
   Compressing: D:\a\PaperFlow-Stream\PaperFlow-Stream\packaging\windows\..\..\dist\PaperFlowHub\_internal\tqdm-4.69.1.dist-info\licenses\LICENCE
   Compressing: D:\a\PaperFlow-Stream\PaperFlow-Stream\packaging\windows\..\..\dist\PaperFlowHub\_internal\uvicorn\config.py
   Compressing: D:\a\PaperFlow-Stream\PaperFlow-Stream\packaging\windows\..\..\dist\PaperFlowHub\_internal\uvicorn\importer.py
   Compressing: D:\a\PaperFlow-Stream\PaperFlow-Stream\packaging\windows\..\..\dist\PaperFlowHub\_internal\uvicorn\logging.py
   Compressing: D:\a\PaperFlow-Stream\PaperFlow-Stream\packaging\windows\..\..\dist\PaperFlowHub\_internal\uvicorn\main.py
   Compressing: D:\a\PaperFlow-Stream\PaperFlow-Stream\packaging\windows\..\..\dist\PaperFlowHub\_internal\uvicorn\py.typed
   Compressing: D:\a\PaperFlow-Stream\PaperFlow-Stream\packaging\windows\..\..\dist\PaperFlowHub\_internal\uvicorn\server.py
   Compressing: D:\a\PaperFlow-Stream\PaperFlow-Stream\packaging\windows\..\..\dist\PaperFlowHub\_internal\uvicorn\workers.py
   Compressing: D:\a\PaperFlow-Stream\PaperFlow-Stream\packaging\windows\..\..\dist\PaperFlowHub\_internal\uvicorn\_ansi.py
   Compressing: D:\a\PaperFlow-Stream\PaperFlow-Stream\packaging\windows\..\..\dist\PaperFlowHub\_internal\uvicorn\_compat.py
   Compressing: D:\a\PaperFlow-Stream\PaperFlow-Stream\packaging\windows\..\..\dist\PaperFlowHub\_internal\uvicorn\_subprocess.py
   Compressing: D:\a\PaperFlow-Stream\PaperFlow-Stream\packaging\windows\..\..\dist\PaperFlowHub\_internal\uvicorn\_types.py
   Compressing: D:\a\PaperFlow-Stream\PaperFlow-Stream\packaging\windows\..\..\dist\PaperFlowHub\_internal\uvicorn\__init__.py
   Compressing: D:\a\PaperFlow-Stream\PaperFlow-Stream\packaging\windows\..\..\dist\PaperFlowHub\_internal\uvicorn\__main__.py
   Compressing: D:\a\PaperFlow-Stream\PaperFlow-Stream\packaging\windows\..\..\dist\PaperFlowHub\_internal\uvicorn\lifespan\off.py
   Compressing: D:\a\PaperFlow-Stream\PaperFlow-Stream\packaging\windows\..\..\dist\PaperFlowHub\_internal\uvicorn\lifespan\on.py
   Compressing: D:\a\PaperFlow-Stream\PaperFlow-Stream\packaging\windows\..\..\dist\PaperFlowHub\_internal\uvicorn\lifespan\__init__.py
   Compressing: D:\a\PaperFlow-Stream\PaperFlow-Stream\packaging\windows\..\..\dist\PaperFlowHub\_internal\uvicorn\loops\asyncio.py
   Compressing: D:\a\PaperFlow-Stream\PaperFlow-Stream\packaging\windows\..\..\dist\PaperFlowHub\_internal\uvicorn\loops\auto.py
   Compressing: D:\a\PaperFlow-Stream\PaperFlow-Stream\packaging\windows\..\..\dist\PaperFlowHub\_internal\uvicorn\loops\uvloop.py
   Compressing: D:\a\PaperFlow-Stream\PaperFlow-Stream\packaging\windows\..\..\dist\PaperFlowHub\_internal\uvicorn\loops\__init__.py
   Compressing: D:\a\PaperFlow-Stream\PaperFlow-Stream\packaging\windows\..\..\dist\PaperFlowHub\_internal\uvicorn\middleware\asgi2.py
   Compressing: D:\a\PaperFlow-Stream\PaperFlow-Stream\packaging\windows\..\..\dist\PaperFlowHub\_internal\uvicorn\middleware\message_logger.py
   Compressing: D:\a\PaperFlow-Stream\PaperFlow-Stream\packaging\windows\..\..\dist\PaperFlowHub\_internal\uvicorn\middleware\proxy_headers.py
   Compressing: D:\a\PaperFlow-Stream\PaperFlow-Stream\packaging\windows\..\..\dist\PaperFlowHub\_internal\uvicorn\middleware\wsgi.py
   Compressing: D:\a\PaperFlow-Stream\PaperFlow-Stream\packaging\windows\..\..\dist\PaperFlowHub\_internal\uvicorn\middleware\__init__.py
   Compressing: D:\a\PaperFlow-Stream\PaperFlow-Stream\packaging\windows\..\..\dist\PaperFlowHub\_internal\uvicorn\protocols\utils.py
   Compressing: D:\a\PaperFlow-Stream\PaperFlow-Stream\packaging\windows\..\..\dist\PaperFlowHub\_internal\uvicorn\protocols\__init__.py
   Compressing: D:\a\PaperFlow-Stream\PaperFlow-Stream\packaging\windows\..\..\dist\PaperFlowHub\_internal\uvicorn\protocols\http\auto.py
   Compressing: D:\a\PaperFlow-Stream\PaperFlow-Stream\packaging\windows\..\..\dist\PaperFlowHub\_internal\uvicorn\protocols\http\flow_control.py
   Compressing: D:\a\PaperFlow-Stream\PaperFlow-Stream\packaging\windows\..\..\dist\PaperFlowHub\_internal\uvicorn\protocols\http\h11_impl.py
   Compressing: D:\a\PaperFlow-Stream\PaperFlow-Stream\packaging\windows\..\..\dist\PaperFlowHub\_internal\uvicorn\protocols\http\httptools_impl.py
   Compressing: D:\a\PaperFlow-Stream\PaperFlow-Stream\packaging\windows\..\..\dist\PaperFlowHub\_internal\uvicorn\protocols\http\__init__.py
   Compressing: D:\a\PaperFlow-Stream\PaperFlow-Stream\packaging\windows\..\..\dist\PaperFlowHub\_internal\uvicorn\protocols\websockets\auto.py
   Compressing: D:\a\PaperFlow-Stream\PaperFlow-Stream\packaging\windows\..\..\dist\PaperFlowHub\_internal\uvicorn\protocols\websockets\websockets_impl.py
   Compressing: D:\a\PaperFlow-Stream\PaperFlow-Stream\packaging\windows\..\..\dist\PaperFlowHub\_internal\uvicorn\protocols\websockets\websockets_sansio_impl.py
   Compressing: D:\a\PaperFlow-Stream\PaperFlow-Stream\packaging\windows\..\..\dist\PaperFlowHub\_internal\uvicorn\protocols\websockets\wsproto_impl.py
   Compressing: D:\a\PaperFlow-Stream\PaperFlow-Stream\packaging\windows\..\..\dist\PaperFlowHub\_internal\uvicorn\protocols\websockets\__init__.py
   Compressing: D:\a\PaperFlow-Stream\PaperFlow-Stream\packaging\windows\..\..\dist\PaperFlowHub\_internal\uvicorn\supervisors\basereload.py
   Compressing: D:\a\PaperFlow-Stream\PaperFlow-Stream\packaging\windows\..\..\dist\PaperFlowHub\_internal\uvicorn\supervisors\multiprocess.py
   Compressing: D:\a\PaperFlow-Stream\PaperFlow-Stream\packaging\windows\..\..\dist\PaperFlowHub\_internal\uvicorn\supervisors\statreload.py
   Compressing: D:\a\PaperFlow-Stream\PaperFlow-Stream\packaging\windows\..\..\dist\PaperFlowHub\_internal\uvicorn\supervisors\watchfilesreload.py
   Compressing: D:\a\PaperFlow-Stream\PaperFlow-Stream\packaging\windows\..\..\dist\PaperFlowHub\_internal\uvicorn\supervisors\__init__.py
   Compressing: D:\a\PaperFlow-Stream\PaperFlow-Stream\packaging\windows\..\..\dist\PaperFlowHub\_internal\uvicorn-0.51.0.dist-info\entry_points.txt
   Compressing: D:\a\PaperFlow-Stream\PaperFlow-Stream\packaging\windows\..\..\dist\PaperFlowHub\_internal\uvicorn-0.51.0.dist-info\INSTALLER
   Compressing: D:\a\PaperFlow-Stream\PaperFlow-Stream\packaging\windows\..\..\dist\PaperFlowHub\_internal\uvicorn-0.51.0.dist-info\METADATA
   Compressing: D:\a\PaperFlow-Stream\PaperFlow-Stream\packaging\windows\..\..\dist\PaperFlowHub\_internal\uvicorn-0.51.0.dist-info\RECORD
   Compressing: D:\a\PaperFlow-Stream\PaperFlow-Stream\packaging\windows\..\..\dist\PaperFlowHub\_internal\uvicorn-0.51.0.dist-info\REQUESTED
   Compressing: D:\a\PaperFlow-Stream\PaperFlow-Stream\packaging\windows\..\..\dist\PaperFlowHub\_internal\uvicorn-0.51.0.dist-info\WHEEL
   Compressing: D:\a\PaperFlow-Stream\PaperFlow-Stream\packaging\windows\..\..\dist\PaperFlowHub\_internal\uvicorn-0.51.0.dist-info\licenses\LICENSE.md
   Compressing: D:\a\PaperFlow-Stream\PaperFlow-Stream\packaging\windows\..\..\dist\PaperFlowHub\_internal\watchfiles\_rust_notify.cp311-win_amd64.pyd
   Compressing: D:\a\PaperFlow-Stream\PaperFlow-Stream\packaging\windows\..\..\dist\PaperFlowHub\_internal\websockets\speedups.cp311-win_amd64.pyd
   Compressing: D:\a\PaperFlow-Stream\PaperFlow-Stream\packaging\windows\..\..\dist\PaperFlowHub\_internal\websockets-16.1.1.dist-info\entry_points.txt
   Compressing: D:\a\PaperFlow-Stream\PaperFlow-Stream\packaging\windows\..\..\dist\PaperFlowHub\_internal\websockets-16.1.1.dist-info\INSTALLER
   Compressing: D:\a\PaperFlow-Stream\PaperFlow-Stream\packaging\windows\..\..\dist\PaperFlowHub\_internal\websockets-16.1.1.dist-info\METADATA
   Compressing: D:\a\PaperFlow-Stream\PaperFlow-Stream\packaging\windows\..\..\dist\PaperFlowHub\_internal\websockets-16.1.1.dist-info\RECORD
   Compressing: D:\a\PaperFlow-Stream\PaperFlow-Stream\packaging\windows\..\..\dist\PaperFlowHub\_internal\websockets-16.1.1.dist-info\REQUESTED
   Compressing: D:\a\PaperFlow-Stream\PaperFlow-Stream\packaging\windows\..\..\dist\PaperFlowHub\_internal\websockets-16.1.1.dist-info\top_level.txt
   Compressing: D:\a\PaperFlow-Stream\PaperFlow-Stream\packaging\windows\..\..\dist\PaperFlowHub\_internal\websockets-16.1.1.dist-info\WHEEL
   Compressing: D:\a\PaperFlow-Stream\PaperFlow-Stream\packaging\windows\..\..\dist\PaperFlowHub\_internal\websockets-16.1.1.dist-info\licenses\LICENSE
   Compressing: D:\a\PaperFlow-Stream\PaperFlow-Stream\packaging\windows\..\..\dist\PaperFlowHub\_internal\yaml\_yaml.cp311-win_amd64.pyd
   Compressing Setup program executable
   Updating version info (Setup.exe)
   Updating manifest (Setup.exe)

Warning: There are [UninstallRun] section entries without a RunOnceId parameter. By assigning a string to RunOnceId, you can ensure that a particular [UninstallRun] entry will only be executed once during uninstallation. See the "[UninstallRun]" topic in help file for more information.

Successful compile (71.203 sec). Resulting Setup program filename is:
D:\a\PaperFlow-Stream\PaperFlow-Stream\release\PaperFlowHubSetup-0.3.0.exe
